<?xml version="1.0" encoding="UTF-8"?>
<metadata xml:lang="en"><Esri><CreaDate>20181018</CreaDate><CreaTime>15064500</CreaTime><ArcGISFormat>1.0</ArcGISFormat><SyncOnce>FALSE</SyncOnce><DataProperties><lineage><Process ToolSource="c:\program files (x86)\arcgis\desktop10.4\ArcToolbox\Toolboxes\Data Management Tools.tbx\CalculateField" Date="20160802" Time="123036">CalculateField GIS_VMS_ATTR LAST_UPD_D "2/8/2016" VB #</Process><Process ToolSource="c:\program files (x86)\arcgis\desktop10.4\ArcToolbox\Toolboxes\Data Management Tools.tbx\CalculateField" Date="20160812" Time="112116">CalculateField GIS_VMS_ATTR EWAY_CODE 99 VB #</Process><Process ToolSource="c:\program files (x86)\arcgis\desktop10.4\ArcToolbox\Toolboxes\Data Management Tools.tbx\CalculateField" Date="20160812" Time="112354">CalculateField GIS_VMS_ATTR EWAY_CODE 2 VB #</Process><Process ToolSource="c:\program files (x86)\arcgis\desktop10.4\ArcToolbox\Toolboxes\Data Management Tools.tbx\CalculateField" Date="20160812" Time="162818">CalculateField GIS_VMS_ATTR HIDDEN 1 VB #</Process><Process ToolSource="c:\program files (x86)\arcgis\desktop10.4\ArcToolbox\Toolboxes\Data Management Tools.tbx\CalculateField" Date="20160815" Time="134641">CalculateField GIS_VMS_ATTR TYPE "TIP" VB #</Process><Process ToolSource="c:\program files (x86)\arcgis\desktop10.4\ArcToolbox\Toolboxes\Data Management Tools.tbx\CalculateField" Date="20160815" Time="134723">CalculateField GIS_VMS_ATTR TYPE "TSP" VB #</Process><Process ToolSource="c:\program files (x86)\arcgis\desktop10.4\ArcToolbox\Toolboxes\Data Management Tools.tbx\CalculateField" Date="20160815" Time="134812">CalculateField GIS_VMS_ATTR TYPE "TTP" VB #</Process><Process ToolSource="c:\program files (x86)\arcgis\desktop10.4\ArcToolbox\Toolboxes\Data Management Tools.tbx\CalculateField" Date="20170201" Time="170333">CalculateField GIS_VMS_ATTR LAST_UPD_D "1/2/2017" VB #</Process><Process ToolSource="c:\program files (x86)\arcgis\desktop10.4\ArcToolbox\Toolboxes\Data Management Tools.tbx\CalculateField" Date="20170201" Time="171412">CalculateField GIS_VMS_ATTR EWAY_CODE 7 VB #</Process><Process ToolSource="c:\program files (x86)\arcgis\desktop10.4\ArcToolbox\Toolboxes\Data Management Tools.tbx\CalculateField" Date="20170201" Time="171515">CalculateField GIS_VMS_ATTR EWAY_CODE 8 VB #</Process><Process ToolSource="c:\program files (x86)\arcgis\desktop10.4\ArcToolbox\Toolboxes\Data Management Tools.tbx\CalculateField" Date="20170201" Time="173654">CalculateField GIS_VMS_ATTR HIDDEN 1 VB #</Process><Process ToolSource="c:\program files (x86)\arcgis\desktop10.4\ArcToolbox\Toolboxes\Data Management Tools.tbx\CalculateField" Date="20170203" Time="115407">CalculateField GIS_VMS_ATTR HIDDEN 0 VB #</Process><Process ToolSource="c:\program files (x86)\arcgis\desktop10.4\ArcToolbox\Toolboxes\Data Management Tools.tbx\CalculateField" Date="20170203" Time="115636">CalculateField GIS_VMS_ATTR HIDDEN 1 VB #</Process><Process ToolSource="c:\program files (x86)\arcgis\desktop10.4\ArcToolbox\Toolboxes\Data Management Tools.tbx\CalculateField" Date="20170203" Time="115754">CalculateField GIS_VMS_ATTR LAST_UPD_D "31/1/2017" VB #</Process><Process ToolSource="c:\program files (x86)\arcgis\desktop10.5\ArcToolbox\Toolboxes\Conversion Tools.tbx\FeatureClassToFeatureClass" Date="20190103" Time="101648">FeatureClassToFeatureClass "C:\Users\Administrator\Documents\ArcGIS\RP147\RP147 Ongoing GIS\ProductionCopy.mdb\GIS_VMS_ATTR_20181125" "C:\Users\Administrator\Documents\ArcGIS\RP147\RP147 Ongoing GIS\jan19_mapupdate.mdb" GIS_VMS_ATTR # "EQT_ID "EQT_ID" true true false 20 Text 0 0 ,First,#,C:\Users\Administrator\Documents\ArcGIS\RP147\RP147 Ongoing GIS\ProductionCopy.mdb\GIS_VMS_ATTR_20181125,EQT_ID,-1,-1;NAME "NAME" true true false 20 Text 0 0 ,First,#,C:\Users\Administrator\Documents\ArcGIS\RP147\RP147 Ongoing GIS\ProductionCopy.mdb\GIS_VMS_ATTR_20181125,NAME,-1,-1;LOC_DESC "LOC_DESC" true true false 100 Text 0 0 ,First,#,C:\Users\Administrator\Documents\ArcGIS\RP147\RP147 Ongoing GIS\ProductionCopy.mdb\GIS_VMS_ATTR_20181125,LOC_DESC,-1,-1;TYPE "TYPE" true true false 10 Text 0 0 ,First,#,C:\Users\Administrator\Documents\ArcGIS\RP147\RP147 Ongoing GIS\ProductionCopy.mdb\GIS_VMS_ATTR_20181125,TYPE,-1,-1;BEARING "BEARING" true true false 2 Short 0 0 ,First,#,C:\Users\Administrator\Documents\ArcGIS\RP147\RP147 Ongoing GIS\ProductionCopy.mdb\GIS_VMS_ATTR_20181125,BEARING,-1,-1;STATUS "STATUS" true true false 1 Text 0 0 ,First,#,C:\Users\Administrator\Documents\ArcGIS\RP147\RP147 Ongoing GIS\ProductionCopy.mdb\GIS_VMS_ATTR_20181125,STATUS,-1,-1;ALARM "ALARM" true true false 2 Short 0 0 ,First,#,C:\Users\Administrator\Documents\ArcGIS\RP147\RP147 Ongoing GIS\ProductionCopy.mdb\GIS_VMS_ATTR_20181125,ALARM,-1,-1;FLASHING_MODE "FLASHING_MODE" true true false 2 Short 0 0 ,First,#,C:\Users\Administrator\Documents\ArcGIS\RP147\RP147 Ongoing GIS\ProductionCopy.mdb\GIS_VMS_ATTR_20181125,FLASHING_MODE,-1,-1;DSP "DSP" true true false 2 Short 0 0 ,First,#,C:\Users\Administrator\Documents\ArcGIS\RP147\RP147 Ongoing GIS\ProductionCopy.mdb\GIS_VMS_ATTR_20181125,DSP,-1,-1;DS1 "DS1" true true false 2 Short 0 0 ,First,#,C:\Users\Administrator\Documents\ArcGIS\RP147\RP147 Ongoing GIS\ProductionCopy.mdb\GIS_VMS_ATTR_20181125,DS1,-1,-1;DS2 "DS2" true true false 2 Short 0 0 ,First,#,C:\Users\Administrator\Documents\ArcGIS\RP147\RP147 Ongoing GIS\ProductionCopy.mdb\GIS_VMS_ATTR_20181125,DS2,-1,-1;DS3 "DS3" true true false 2 Short 0 0 ,First,#,C:\Users\Administrator\Documents\ArcGIS\RP147\RP147 Ongoing GIS\ProductionCopy.mdb\GIS_VMS_ATTR_20181125,DS3,-1,-1;GRAPHIC_CODE "GRAPHIC_CODE" true true false 2 Short 0 0 ,First,#,C:\Users\Administrator\Documents\ArcGIS\RP147\RP147 Ongoing GIS\ProductionCopy.mdb\GIS_VMS_ATTR_20181125,GRAPHIC_CODE,-1,-1;LINE1 "LINE1" true true false 18 Text 0 0 ,First,#,C:\Users\Administrator\Documents\ArcGIS\RP147\RP147 Ongoing GIS\ProductionCopy.mdb\GIS_VMS_ATTR_20181125,LINE1,-1,-1;LINE1A "LINE1A" true true false 18 Text 0 0 ,First,#,C:\Users\Administrator\Documents\ArcGIS\RP147\RP147 Ongoing GIS\ProductionCopy.mdb\GIS_VMS_ATTR_20181125,LINE1A,-1,-1;LINE1B "LINE1B" true true false 18 Text 0 0 ,First,#,C:\Users\Administrator\Documents\ArcGIS\RP147\RP147 Ongoing GIS\ProductionCopy.mdb\GIS_VMS_ATTR_20181125,LINE1B,-1,-1;LINE2 "LINE2" true true false 18 Text 0 0 ,First,#,C:\Users\Administrator\Documents\ArcGIS\RP147\RP147 Ongoing GIS\ProductionCopy.mdb\GIS_VMS_ATTR_20181125,LINE2,-1,-1;LINE2A "LINE2A" true true false 18 Text 0 0 ,First,#,C:\Users\Administrator\Documents\ArcGIS\RP147\RP147 Ongoing GIS\ProductionCopy.mdb\GIS_VMS_ATTR_20181125,LINE2A,-1,-1;LINE3 "LINE3" true true false 18 Text 0 0 ,First,#,C:\Users\Administrator\Documents\ArcGIS\RP147\RP147 Ongoing GIS\ProductionCopy.mdb\GIS_VMS_ATTR_20181125,LINE3,-1,-1;LINE3A "LINE3A" true true false 18 Text 0 0 ,First,#,C:\Users\Administrator\Documents\ArcGIS\RP147\RP147 Ongoing GIS\ProductionCopy.mdb\GIS_VMS_ATTR_20181125,LINE3A,-1,-1;DEST1 "DEST1" true true false 9 Text 0 0 ,First,#,C:\Users\Administrator\Documents\ArcGIS\RP147\RP147 Ongoing GIS\ProductionCopy.mdb\GIS_VMS_ATTR_20181125,DEST1,-1,-1;DEST1A "DEST1A" true true false 9 Text 0 0 ,First,#,C:\Users\Administrator\Documents\ArcGIS\RP147\RP147 Ongoing GIS\ProductionCopy.mdb\GIS_VMS_ATTR_20181125,DEST1A,-1,-1;DEST2 "DEST2" true true false 9 Text 0 0 ,First,#,C:\Users\Administrator\Documents\ArcGIS\RP147\RP147 Ongoing GIS\ProductionCopy.mdb\GIS_VMS_ATTR_20181125,DEST2,-1,-1;DEST2A "DEST2A" true true false 9 Text 0 0 ,First,#,C:\Users\Administrator\Documents\ArcGIS\RP147\RP147 Ongoing GIS\ProductionCopy.mdb\GIS_VMS_ATTR_20181125,DEST2A,-1,-1;DEST3 "DEST3" true true false 9 Text 0 0 ,First,#,C:\Users\Administrator\Documents\ArcGIS\RP147\RP147 Ongoing GIS\ProductionCopy.mdb\GIS_VMS_ATTR_20181125,DEST3,-1,-1;DEST3A "DEST3A" true true false 9 Text 0 0 ,First,#,C:\Users\Administrator\Documents\ArcGIS\RP147\RP147 Ongoing GIS\ProductionCopy.mdb\GIS_VMS_ATTR_20181125,DEST3A,-1,-1;TIME1 "TIME1" true true false 2 Text 0 0 ,First,#,C:\Users\Administrator\Documents\ArcGIS\RP147\RP147 Ongoing GIS\ProductionCopy.mdb\GIS_VMS_ATTR_20181125,TIME1,-1,-1;TIME1A "TIME1A" true true false 2 Text 0 0 ,First,#,C:\Users\Administrator\Documents\ArcGIS\RP147\RP147 Ongoing GIS\ProductionCopy.mdb\GIS_VMS_ATTR_20181125,TIME1A,-1,-1;TIME2 "TIME2" true true false 2 Text 0 0 ,First,#,C:\Users\Administrator\Documents\ArcGIS\RP147\RP147 Ongoing GIS\ProductionCopy.mdb\GIS_VMS_ATTR_20181125,TIME2,-1,-1;TIME2A "TIME2A" true true false 2 Text 0 0 ,First,#,C:\Users\Administrator\Documents\ArcGIS\RP147\RP147 Ongoing GIS\ProductionCopy.mdb\GIS_VMS_ATTR_20181125,TIME2A,-1,-1;TIME3 "TIME3" true true false 2 Text 0 0 ,First,#,C:\Users\Administrator\Documents\ArcGIS\RP147\RP147 Ongoing GIS\ProductionCopy.mdb\GIS_VMS_ATTR_20181125,TIME3,-1,-1;TIME3A "TIME3A" true true false 2 Text 0 0 ,First,#,C:\Users\Administrator\Documents\ArcGIS\RP147\RP147 Ongoing GIS\ProductionCopy.mdb\GIS_VMS_ATTR_20181125,TIME3A,-1,-1;BRIGHTNESS "BRIGHTNESS" true true false 2 Short 0 0 ,First,#,C:\Users\Administrator\Documents\ArcGIS\RP147\RP147 Ongoing GIS\ProductionCopy.mdb\GIS_VMS_ATTR_20181125,BRIGHTNESS,-1,-1;ZONE_ID "ZONE_ID" true true false 2 Short 0 0 ,First,#,C:\Users\Administrator\Documents\ArcGIS\RP147\RP147 Ongoing GIS\ProductionCopy.mdb\GIS_VMS_ATTR_20181125,ZONE_ID,-1,-1;LAST_UPD_D "LAST_UPD_D" true true false 8 Date 0 0 ,First,#,C:\Users\Administrator\Documents\ArcGIS\RP147\RP147 Ongoing GIS\ProductionCopy.mdb\GIS_VMS_ATTR_20181125,LAST_UPD_D,-1,-1;DS4 "DS4" true true false 2 Short 0 0 ,First,#,C:\Users\Administrator\Documents\ArcGIS\RP147\RP147 Ongoing GIS\ProductionCopy.mdb\GIS_VMS_ATTR_20181125,DS4,-1,-1;EWAY_CODE "EWAY_CODE" true true false 2 Short 0 0 ,First,#,C:\Users\Administrator\Documents\ArcGIS\RP147\RP147 Ongoing GIS\ProductionCopy.mdb\GIS_VMS_ATTR_20181125,EWAY_CODE,-1,-1;DIR "DIR" true true false 2 Short 0 0 ,First,#,C:\Users\Administrator\Documents\ArcGIS\RP147\RP147 Ongoing GIS\ProductionCopy.mdb\GIS_VMS_ATTR_20181125,DIR,-1,-1;DST_KM "DST_KM" true true false 8 Double 0 0 ,First,#,C:\Users\Administrator\Documents\ArcGIS\RP147\RP147 Ongoing GIS\ProductionCopy.mdb\GIS_VMS_ATTR_20181125,DST_KM,-1,-1;X "X" true true false 8 Double 0 0 ,First,#,C:\Users\Administrator\Documents\ArcGIS\RP147\RP147 Ongoing GIS\ProductionCopy.mdb\GIS_VMS_ATTR_20181125,X,-1,-1;Y "Y" true true false 8 Double 0 0 ,First,#,C:\Users\Administrator\Documents\ArcGIS\RP147\RP147 Ongoing GIS\ProductionCopy.mdb\GIS_VMS_ATTR_20181125,Y,-1,-1;ROADCODE "ROADCODE" true true false 6 Text 0 0 ,First,#,C:\Users\Administrator\Documents\ArcGIS\RP147\RP147 Ongoing GIS\ProductionCopy.mdb\GIS_VMS_ATTR_20181125,ROADCODE,-1,-1;HIDDEN "HIDDEN" true true false 2 Short 0 0 ,First,#,C:\Users\Administrator\Documents\ArcGIS\RP147\RP147 Ongoing GIS\ProductionCopy.mdb\GIS_VMS_ATTR_20181125,HIDDEN,-1,-1;DIMMING_MODE "DIMMING_MODE" true true false 2 Short 0 0 ,First,#,C:\Users\Administrator\Documents\ArcGIS\RP147\RP147 Ongoing GIS\ProductionCopy.mdb\GIS_VMS_ATTR_20181125,DIMMING_MODE,-1,-1;DIMMING_LEVEL "DIMMING_LEVEL" true true false 2 Short 0 0 ,First,#,C:\Users\Administrator\Documents\ArcGIS\RP147\RP147 Ongoing GIS\ProductionCopy.mdb\GIS_VMS_ATTR_20181125,DIMMING_LEVEL,-1,-1;DS0 "DS0" true true false 2 Short 0 0 ,First,#,C:\Users\Administrator\Documents\ArcGIS\RP147\RP147 Ongoing GIS\ProductionCopy.mdb\GIS_VMS_ATTR_20181125,DS0,-1,-1;DS5 "DS5" true true false 2 Short 0 0 ,First,#,C:\Users\Administrator\Documents\ArcGIS\RP147\RP147 Ongoing GIS\ProductionCopy.mdb\GIS_VMS_ATTR_20181125,DS5,-1,-1;DS6 "DS6" true true false 2 Short 0 0 ,First,#,C:\Users\Administrator\Documents\ArcGIS\RP147\RP147 Ongoing GIS\ProductionCopy.mdb\GIS_VMS_ATTR_20181125,DS6,-1,-1;DS9 "DS9" true true false 2 Short 0 0 ,First,#,C:\Users\Administrator\Documents\ArcGIS\RP147\RP147 Ongoing GIS\ProductionCopy.mdb\GIS_VMS_ATTR_20181125,DS9,-1,-1;DSA "DSA" true true false 2 Short 0 0 ,First,#,C:\Users\Administrator\Documents\ArcGIS\RP147\RP147 Ongoing GIS\ProductionCopy.mdb\GIS_VMS_ATTR_20181125,DSA,-1,-1;DSB "DSB" true true false 2 Short 0 0 ,First,#,C:\Users\Administrator\Documents\ArcGIS\RP147\RP147 Ongoing GIS\ProductionCopy.mdb\GIS_VMS_ATTR_20181125,DSB,-1,-1;DSC "DSC" true true false 2 Short 0 0 ,First,#,C:\Users\Administrator\Documents\ArcGIS\RP147\RP147 Ongoing GIS\ProductionCopy.mdb\GIS_VMS_ATTR_20181125,DSC,-1,-1" #</Process></lineage><itemProps><itemLocation><linkage Sync="TRUE">file://\\SGD00062\C$\Project\Data\FOR_MANJULAH\ITSWC\GIS_VMS_ATTR_DEPLOY.shp</linkage><protocol Sync="TRUE">Local Area Network</protocol></itemLocation><itemName Sync="TRUE">GIS_VMS_ATTR_DEPLOY</itemName><imsContentType Sync="TRUE">002</imsContentType><itemSize Sync="TRUE">0.000</itemSize></itemProps><coordRef><type Sync="TRUE">Projected</type><geogcsn Sync="TRUE">GCS_SVY21</geogcsn><csUnits Sync="TRUE">Linear Unit: Meter (1.000000)</csUnits><projcsn Sync="TRUE">SVY21_Singapore_TM</projcsn><peXml Sync="TRUE">&lt;ProjectedCoordinateSystem xsi:type='typens:ProjectedCoordinateSystem' xmlns:xsi='http://www.w3.org/2001/XMLSchema-instance' xmlns:xs='http://www.w3.org/2001/XMLSchema' xmlns:typens='http://www.esri.com/schemas/ArcGIS/10.3'&gt;&lt;WKT&gt;PROJCS[&amp;quot;SVY21_Singapore_TM&amp;quot;,GEOGCS[&amp;quot;GCS_SVY21&amp;quot;,DATUM[&amp;quot;D_SVY21&amp;quot;,SPHEROID[&amp;quot;WGS_1984&amp;quot;,6378137.0,298.257223563]],PRIMEM[&amp;quot;Greenwich&amp;quot;,0.0],UNIT[&amp;quot;Degree&amp;quot;,0.0174532925199433]],PROJECTION[&amp;quot;Transverse_Mercator&amp;quot;],PARAMETER[&amp;quot;false_easting&amp;quot;,28001.642],PARAMETER[&amp;quot;false_northing&amp;quot;,38744.572],PARAMETER[&amp;quot;central_meridian&amp;quot;,103.8333333333333],PARAMETER[&amp;quot;scale_factor&amp;quot;,1.0],PARAMETER[&amp;quot;latitude_of_origin&amp;quot;,1.366666666666667],UNIT[&amp;quot;Meter&amp;quot;,1.0],AUTHORITY[&amp;quot;EPSG&amp;quot;,3414]]&lt;/WKT&gt;&lt;XOrigin&gt;-5595200&lt;/XOrigin&gt;&lt;YOrigin&gt;-10114500&lt;/YOrigin&gt;&lt;XYScale&gt;450265407.00157917&lt;/XYScale&gt;&lt;ZOrigin&gt;-100000&lt;/ZOrigin&gt;&lt;ZScale&gt;10000&lt;/ZScale&gt;&lt;MOrigin&gt;-100000&lt;/MOrigin&gt;&lt;MScale&gt;10000&lt;/MScale&gt;&lt;XYTolerance&gt;0.001&lt;/XYTolerance&gt;&lt;ZTolerance&gt;0.001&lt;/ZTolerance&gt;&lt;MTolerance&gt;0.001&lt;/MTolerance&gt;&lt;HighPrecision&gt;true&lt;/HighPrecision&gt;&lt;WKID&gt;3414&lt;/WKID&gt;&lt;LatestWKID&gt;3414&lt;/LatestWKID&gt;&lt;/ProjectedCoordinateSystem&gt;</peXml></coordRef></DataProperties><MetaID>{49D69C04-0145-4678-91C7-730B6E34FC15}</MetaID><SyncDate>20190506</SyncDate><SyncTime>12112500</SyncTime><ModDate>20190506</ModDate><ModTime>12112500</ModTime></Esri><idinfo><citation><citeinfo><onlink Sync="TRUE">\\IW9\E\aug18_mapupdate.mdb</onlink></citeinfo></citation></idinfo><distInfo><distributor><distorTran><onLineSrc><linkage Sync="TRUE">file://\\IW9\E\aug18_mapupdate.mdb</linkage><protocol Sync="TRUE">Local Area Network</protocol></onLineSrc></distorTran></distributor><distFormat><formatName Sync="TRUE">Shapefile</formatName></distFormat><distTranOps><transSize Sync="TRUE">0.000</transSize></distTranOps></distInfo><dataqual><lineage><procstep><procdesc Sync="TRUE">Dataset copied.</procdesc><srcused Sync="TRUE">\\DEVWORKSTATION\gisDev\Desktop\CC\Transfer Feature Class\Equipment.mdb</srcused><date Sync="TRUE">20160825</date><time Sync="TRUE">09020900</time></procstep><procstep><procdesc Sync="TRUE">Dataset copied.</procdesc><srcused Sync="TRUE">Server=10.66.1.200; Service=5151; User=gisdbo; Version=SDE.DEFAULT</srcused><date Sync="TRUE">20160831</date><time Sync="TRUE">14321100</time></procstep><procstep><procdesc Sync="TRUE">Dataset copied.</procdesc><srcused Sync="TRUE">\\DEVWORKSTATION\gisDev\Desktop\CC\Transfer Feature Class\Equipment.mdb</srcused><date Sync="TRUE">20160831</date><time Sync="TRUE">16342800</time></procstep><procstep><procdesc Sync="TRUE">Dataset copied.</procdesc><srcused Sync="TRUE">\\IW9\E\20160901 Deployment\Empty.mdb</srcused><date Sync="TRUE">20160831</date><time Sync="TRUE">16373800</time></procstep><procstep><procdesc Sync="TRUE">Dataset copied.</procdesc><srcused Sync="TRUE">Server=136.10.1.117; Service=5151; User=gisdbo; Version=SDE.DEFAULT</srcused><date Sync="TRUE">20160928</date><time Sync="TRUE">12294700</time></procstep><procstep><procdesc Sync="TRUE">Dataset copied.</procdesc><srcused Sync="TRUE">\\DEVWORKSTATION\H\201704XX (EE Stg 4 II)\Empty.mdb</srcused><date Sync="TRUE">20170306</date><time Sync="TRUE">10014200</time></procstep><procstep><procdesc Sync="TRUE">Dataset copied.</procdesc><srcused Sync="TRUE">\\DEVWORKSTATION\H\201704XX (EE Stg 4 II)\Empty.mdb</srcused><date Sync="TRUE">20170306</date><time Sync="TRUE">10042700</time></procstep><procstep><procdesc Sync="TRUE">Dataset copied.</procdesc><srcused Sync="TRUE">\\DEVWORKSTATION\C$\Zhenbiao - BK\HANDOVER\201704XX (EE Stg 4 II)\Empty.mdb</srcused><date Sync="TRUE">20170424</date><time Sync="TRUE">10072000</time></procstep><procstep><procdesc Sync="TRUE">Dataset copied.</procdesc><srcused Sync="TRUE">\\IW9\F\RP147\EE stage 4\20170424.mdb</srcused><date Sync="TRUE">20170424</date><time Sync="TRUE">23262500</time></procstep><procstep><procdesc Sync="TRUE">Dataset copied.</procdesc><srcused Sync="TRUE">Server=136.10.1.115; Service=5151; User=gisdbo; Version=SDE.DEFAULT</srcused><date Sync="TRUE">20170621</date><time Sync="TRUE">17342200</time></procstep><procstep><procdesc Sync="TRUE">Dataset copied.</procdesc><srcused Sync="TRUE">\\DEVWORKSTATION\G\TS\production.mdb</srcused><date Sync="TRUE">20170627</date><time Sync="TRUE">17315000</time></procstep><procstep><procdesc Sync="TRUE">Dataset copied.</procdesc><srcused Sync="TRUE">\\DEVWORKSTATION\D$\Tiffany\Assignments\Adhoc\Updates.mdb</srcused><date Sync="TRUE">20170713</date><time Sync="TRUE">18110600</time></procstep><procstep><procdesc Sync="TRUE">Dataset copied.</procdesc><srcused Sync="TRUE">\\IW9\E\20170720\Deployment20170720.mdb</srcused><date Sync="TRUE">20170719</date><time Sync="TRUE">13424100</time></procstep><procstep><procdesc Sync="TRUE">Dataset copied.</procdesc><srcused Sync="TRUE">Server=136.10.1.115; Service=5151; User=gisdbo; Version=SDE.DEFAULT</srcused><date Sync="TRUE">20170823</date><time Sync="TRUE">16102200</time></procstep><procstep><procdesc Sync="TRUE">Dataset copied.</procdesc><srcused Sync="TRUE">\\DEVWORKSTATION\G\ProductionCopy.mdb</srcused><date Sync="TRUE">20170823</date><time Sync="TRUE">16171100</time></procstep><procstep><procdesc Sync="TRUE">Dataset copied.</procdesc><srcused Sync="TRUE">\\DEVWORKSTATION\C$\Tiffany\Assignments\rezoning\NEWZONES.mdb</srcused><date Sync="TRUE">20170830</date><time Sync="TRUE">15015100</time></procstep><procstep><procdesc Sync="TRUE">Dataset copied.</procdesc><srcused Sync="TRUE">\\DEVWORKSTATION\C$\Tiffany\Assignments\EMAS_health\deploymentready.mdb</srcused><date Sync="TRUE">20170907</date><time Sync="TRUE">11393300</time></procstep><procstep><procdesc Sync="TRUE">Dataset copied.</procdesc><srcused Sync="TRUE">\\DEVWORKSTATION\H\GIS Data\ProductionCopy.mdb</srcused><date Sync="TRUE">20171227</date><time Sync="TRUE">15362700</time></procstep><procstep><procdesc Sync="TRUE">Dataset copied.</procdesc><srcused Sync="TRUE">\\DEVWORKSTATION\H\RP147-iTransport\Deployments\20180105\deployment.mdb</srcused><date Sync="TRUE">20180129</date><time Sync="TRUE">15262900</time></procstep><procstep><procdesc Sync="TRUE">Dataset copied.</procdesc><srcused Sync="TRUE">\\IW9\C$\Documents and Settings\IW9 Administrator\Desktop\GIS deployment folder\deployment.mdb</srcused><date Sync="TRUE">20180202</date><time Sync="TRUE">14515700</time></procstep><procstep><procdesc Sync="TRUE">Dataset copied.</procdesc><srcused Sync="TRUE">Server=136.10.1.115; Service=5151; User=gisdbo; Version=SDE.DEFAULT</srcused><date Sync="TRUE">20181018</date><time Sync="TRUE">15064500</time></procstep></lineage></dataqual><dataIdInfo><envirDesc Sync="TRUE">Microsoft Windows 7 Version 6.1 (Build 7601) Service Pack 1; Esri ArcGIS 10.3.0.4322</envirDesc><dataLang><languageCode value="eng" Sync="TRUE"></languageCode><countryCode value="SGP" Sync="TRUE"></countryCode></dataLang><idCitation><resTitle Sync="TRUE">GIS_VMS_ATTR_DEPLOY</resTitle><presForm><PresFormCd value="005" Sync="TRUE"></PresFormCd></presForm></idCitation><spatRpType><SpatRepTypCd value="001" Sync="TRUE"></SpatRepTypCd></spatRpType></dataIdInfo><mdLang><languageCode value="eng" Sync="TRUE"></languageCode><countryCode value="SGP" Sync="TRUE"></countryCode></mdLang><mdChar><CharSetCd value="004" Sync="TRUE"></CharSetCd></mdChar><mdHrLv><ScopeCd value="005" Sync="TRUE"></ScopeCd></mdHrLv><mdHrLvName Sync="TRUE">dataset</mdHrLvName><refSysInfo><RefSystem><refSysID><identCode code="3414" Sync="TRUE"></identCode><idCodeSpace Sync="TRUE">EPSG</idCodeSpace><idVersion Sync="TRUE">8.2.6</idVersion></refSysID></RefSystem></refSysInfo><spatRepInfo><VectSpatRep><geometObjs Name="GIS_VMS_ATTR_DEPLOY"><geoObjTyp><GeoObjTypCd value="004" Sync="TRUE"></GeoObjTypCd></geoObjTyp><geoObjCnt Sync="TRUE">0</geoObjCnt></geometObjs><topLvl><TopoLevCd value="001" Sync="TRUE"></TopoLevCd></topLvl></VectSpatRep></spatRepInfo><spdoinfo><ptvctinf><esriterm Name="GIS_VMS_ATTR_DEPLOY"><efeatyp Sync="TRUE">Simple</efeatyp><efeageom code="1" Sync="TRUE"></efeageom><esritopo Sync="TRUE">FALSE</esritopo><efeacnt Sync="TRUE">0</efeacnt><spindex Sync="TRUE">FALSE</spindex><linrefer Sync="TRUE">FALSE</linrefer></esriterm></ptvctinf></spdoinfo><eainfo><detailed Name="GIS_VMS_ATTR_DEPLOY"><enttyp><enttypl Sync="TRUE">GIS_VMS_ATTR_DEPLOY</enttypl><enttypt Sync="TRUE">Feature Class</enttypt><enttypc Sync="TRUE">0</enttypc></enttyp><attr><attrlabl Sync="TRUE">FID</attrlabl><attalias Sync="TRUE">FID</attalias><attrtype Sync="TRUE">OID</attrtype><attwidth Sync="TRUE">4</attwidth><atprecis Sync="TRUE">0</atprecis><attscale Sync="TRUE">0</attscale><attrdef Sync="TRUE">Internal feature number.</attrdef><attrdefs Sync="TRUE">Esri</attrdefs><attrdomv><udom Sync="TRUE">Sequential unique whole numbers that are automatically generated.</udom></attrdomv></attr><attr><attrlabl Sync="TRUE">Shape</attrlabl><attalias Sync="TRUE">Shape</attalias><attrtype Sync="TRUE">Geometry</attrtype><attwidth Sync="TRUE">0</attwidth><atprecis Sync="TRUE">0</atprecis><attscale Sync="TRUE">0</attscale><attrdef Sync="TRUE">Feature geometry.</attrdef><attrdefs Sync="TRUE">Esri</attrdefs><attrdomv><udom Sync="TRUE">Coordinates defining the features.</udom></attrdomv></attr><attr><attrlabl Sync="TRUE">EQT_ID</attrlabl><attalias Sync="TRUE">EQT_ID</attalias><attrtype Sync="TRUE">String</attrtype><attwidth Sync="TRUE">20</attwidth><atprecis Sync="TRUE">0</atprecis><attscale Sync="TRUE">0</attscale></attr><attr><attrlabl Sync="TRUE">NAME</attrlabl><attalias Sync="TRUE">NAME</attalias><attrtype Sync="TRUE">String</attrtype><attwidth Sync="TRUE">20</attwidth><atprecis Sync="TRUE">0</atprecis><attscale Sync="TRUE">0</attscale></attr><attr><attrlabl Sync="TRUE">LOC_DESC</attrlabl><attalias Sync="TRUE">LOC_DESC</attalias><attrtype Sync="TRUE">String</attrtype><attwidth Sync="TRUE">100</attwidth><atprecis Sync="TRUE">0</atprecis><attscale Sync="TRUE">0</attscale></attr><attr><attrlabl Sync="TRUE">TYPE</attrlabl><attalias Sync="TRUE">TYPE</attalias><attrtype Sync="TRUE">String</attrtype><attwidth Sync="TRUE">10</attwidth><atprecis Sync="TRUE">0</atprecis><attscale Sync="TRUE">0</attscale></attr><attr><attrlabl Sync="TRUE">BEARING</attrlabl><attalias Sync="TRUE">BEARING</attalias><attrtype Sync="TRUE">SmallInteger</attrtype><attwidth Sync="TRUE">5</attwidth><atprecis Sync="TRUE">5</atprecis><attscale Sync="TRUE">0</attscale></attr><attr><attrlabl Sync="TRUE">STATUS</attrlabl><attalias Sync="TRUE">STATUS</attalias><attrtype Sync="TRUE">String</attrtype><attwidth Sync="TRUE">1</attwidth><atprecis Sync="TRUE">0</atprecis><attscale Sync="TRUE">0</attscale></attr><attr><attrlabl Sync="TRUE">ALARM</attrlabl><attalias Sync="TRUE">ALARM</attalias><attrtype Sync="TRUE">SmallInteger</attrtype><attwidth Sync="TRUE">5</attwidth><atprecis Sync="TRUE">5</atprecis><attscale Sync="TRUE">0</attscale></attr><attr><attrlabl Sync="TRUE">FLASHING_M</attrlabl><attalias Sync="TRUE">FLASHING_M</attalias><attrtype Sync="TRUE">SmallInteger</attrtype><attwidth Sync="TRUE">5</attwidth><atprecis Sync="TRUE">5</atprecis><attscale Sync="TRUE">0</attscale></attr><attr><attrlabl Sync="TRUE">DSP</attrlabl><attalias Sync="TRUE">DSP</attalias><attrtype Sync="TRUE">SmallInteger</attrtype><attwidth Sync="TRUE">5</attwidth><atprecis Sync="TRUE">5</atprecis><attscale Sync="TRUE">0</attscale></attr><attr><attrlabl Sync="TRUE">DS1</attrlabl><attalias Sync="TRUE">DS1</attalias><attrtype Sync="TRUE">SmallInteger</attrtype><attwidth Sync="TRUE">5</attwidth><atprecis Sync="TRUE">5</atprecis><attscale Sync="TRUE">0</attscale></attr><attr><attrlabl Sync="TRUE">DS2</attrlabl><attalias Sync="TRUE">DS2</attalias><attrtype Sync="TRUE">SmallInteger</attrtype><attwidth Sync="TRUE">5</attwidth><atprecis Sync="TRUE">5</atprecis><attscale Sync="TRUE">0</attscale></attr><attr><attrlabl Sync="TRUE">DS3</attrlabl><attalias Sync="TRUE">DS3</attalias><attrtype Sync="TRUE">SmallInteger</attrtype><attwidth Sync="TRUE">5</attwidth><atprecis Sync="TRUE">5</atprecis><attscale Sync="TRUE">0</attscale></attr><attr><attrlabl Sync="TRUE">GRAPHIC_CO</attrlabl><attalias Sync="TRUE">GRAPHIC_CO</attalias><attrtype Sync="TRUE">SmallInteger</attrtype><attwidth Sync="TRUE">5</attwidth><atprecis Sync="TRUE">5</atprecis><attscale Sync="TRUE">0</attscale></attr><attr><attrlabl Sync="TRUE">LINE1</attrlabl><attalias Sync="TRUE">LINE1</attalias><attrtype Sync="TRUE">String</attrtype><attwidth Sync="TRUE">18</attwidth><atprecis Sync="TRUE">0</atprecis><attscale Sync="TRUE">0</attscale></attr><attr><attrlabl Sync="TRUE">LINE1A</attrlabl><attalias Sync="TRUE">LINE1A</attalias><attrtype Sync="TRUE">String</attrtype><attwidth Sync="TRUE">18</attwidth><atprecis Sync="TRUE">0</atprecis><attscale Sync="TRUE">0</attscale></attr><attr><attrlabl Sync="TRUE">LINE1B</attrlabl><attalias Sync="TRUE">LINE1B</attalias><attrtype Sync="TRUE">String</attrtype><attwidth Sync="TRUE">18</attwidth><atprecis Sync="TRUE">0</atprecis><attscale Sync="TRUE">0</attscale></attr><attr><attrlabl Sync="TRUE">LINE2</attrlabl><attalias Sync="TRUE">LINE2</attalias><attrtype Sync="TRUE">String</attrtype><attwidth Sync="TRUE">18</attwidth><atprecis Sync="TRUE">0</atprecis><attscale Sync="TRUE">0</attscale></attr><attr><attrlabl Sync="TRUE">LINE2A</attrlabl><attalias Sync="TRUE">LINE2A</attalias><attrtype Sync="TRUE">String</attrtype><attwidth Sync="TRUE">18</attwidth><atprecis Sync="TRUE">0</atprecis><attscale Sync="TRUE">0</attscale></attr><attr><attrlabl Sync="TRUE">LINE3</attrlabl><attalias Sync="TRUE">LINE3</attalias><attrtype Sync="TRUE">String</attrtype><attwidth Sync="TRUE">18</attwidth><atprecis Sync="TRUE">0</atprecis><attscale Sync="TRUE">0</attscale></attr><attr><attrlabl Sync="TRUE">LINE3A</attrlabl><attalias Sync="TRUE">LINE3A</attalias><attrtype Sync="TRUE">String</attrtype><attwidth Sync="TRUE">18</attwidth><atprecis Sync="TRUE">0</atprecis><attscale Sync="TRUE">0</attscale></attr><attr><attrlabl Sync="TRUE">DEST1</attrlabl><attalias Sync="TRUE">DEST1</attalias><attrtype Sync="TRUE">String</attrtype><attwidth Sync="TRUE">9</attwidth><atprecis Sync="TRUE">0</atprecis><attscale Sync="TRUE">0</attscale></attr><attr><attrlabl Sync="TRUE">DEST1A</attrlabl><attalias Sync="TRUE">DEST1A</attalias><attrtype Sync="TRUE">String</attrtype><attwidth Sync="TRUE">9</attwidth><atprecis Sync="TRUE">0</atprecis><attscale Sync="TRUE">0</attscale></attr><attr><attrlabl Sync="TRUE">DEST2</attrlabl><attalias Sync="TRUE">DEST2</attalias><attrtype Sync="TRUE">String</attrtype><attwidth Sync="TRUE">9</attwidth><atprecis Sync="TRUE">0</atprecis><attscale Sync="TRUE">0</attscale></attr><attr><attrlabl Sync="TRUE">DEST2A</attrlabl><attalias Sync="TRUE">DEST2A</attalias><attrtype Sync="TRUE">String</attrtype><attwidth Sync="TRUE">9</attwidth><atprecis Sync="TRUE">0</atprecis><attscale Sync="TRUE">0</attscale></attr><attr><attrlabl Sync="TRUE">DEST3</attrlabl><attalias Sync="TRUE">DEST3</attalias><attrtype Sync="TRUE">String</attrtype><attwidth Sync="TRUE">9</attwidth><atprecis Sync="TRUE">0</atprecis><attscale Sync="TRUE">0</attscale></attr><attr><attrlabl Sync="TRUE">DEST3A</attrlabl><attalias Sync="TRUE">DEST3A</attalias><attrtype Sync="TRUE">String</attrtype><attwidth Sync="TRUE">9</attwidth><atprecis Sync="TRUE">0</atprecis><attscale Sync="TRUE">0</attscale></attr><attr><attrlabl Sync="TRUE">TIME1</attrlabl><attalias Sync="TRUE">TIME1</attalias><attrtype Sync="TRUE">String</attrtype><attwidth Sync="TRUE">2</attwidth><atprecis Sync="TRUE">0</atprecis><attscale Sync="TRUE">0</attscale></attr><attr><attrlabl Sync="TRUE">TIME1A</attrlabl><attalias Sync="TRUE">TIME1A</attalias><attrtype Sync="TRUE">String</attrtype><attwidth Sync="TRUE">2</attwidth><atprecis Sync="TRUE">0</atprecis><attscale Sync="TRUE">0</attscale></attr><attr><attrlabl Sync="TRUE">TIME2</attrlabl><attalias Sync="TRUE">TIME2</attalias><attrtype Sync="TRUE">String</attrtype><attwidth Sync="TRUE">2</attwidth><atprecis Sync="TRUE">0</atprecis><attscale Sync="TRUE">0</attscale></attr><attr><attrlabl Sync="TRUE">TIME2A</attrlabl><attalias Sync="TRUE">TIME2A</attalias><attrtype Sync="TRUE">String</attrtype><attwidth Sync="TRUE">2</attwidth><atprecis Sync="TRUE">0</atprecis><attscale Sync="TRUE">0</attscale></attr><attr><attrlabl Sync="TRUE">TIME3</attrlabl><attalias Sync="TRUE">TIME3</attalias><attrtype Sync="TRUE">String</attrtype><attwidth Sync="TRUE">2</attwidth><atprecis Sync="TRUE">0</atprecis><attscale Sync="TRUE">0</attscale></attr><attr><attrlabl Sync="TRUE">TIME3A</attrlabl><attalias Sync="TRUE">TIME3A</attalias><attrtype Sync="TRUE">String</attrtype><attwidth Sync="TRUE">2</attwidth><atprecis Sync="TRUE">0</atprecis><attscale Sync="TRUE">0</attscale></attr><attr><attrlabl Sync="TRUE">BRIGHTNESS</attrlabl><attalias Sync="TRUE">BRIGHTNESS</attalias><attrtype Sync="TRUE">SmallInteger</attrtype><attwidth Sync="TRUE">5</attwidth><atprecis Sync="TRUE">5</atprecis><attscale Sync="TRUE">0</attscale></attr><attr><attrlabl Sync="TRUE">ZONE_ID</attrlabl><attalias Sync="TRUE">ZONE_ID</attalias><attrtype Sync="TRUE">SmallInteger</attrtype><attwidth Sync="TRUE">5</attwidth><atprecis Sync="TRUE">5</atprecis><attscale Sync="TRUE">0</attscale></attr><attr><attrlabl Sync="TRUE">LAST_UPD_D</attrlabl><attalias Sync="TRUE">LAST_UPD_D</attalias><attrtype Sync="TRUE">Date</attrtype><attwidth Sync="TRUE">8</attwidth><atprecis Sync="TRUE">0</atprecis><attscale Sync="TRUE">0</attscale></attr><attr><attrlabl Sync="TRUE">DS4</attrlabl><attalias Sync="TRUE">DS4</attalias><attrtype Sync="TRUE">SmallInteger</attrtype><attwidth Sync="TRUE">5</attwidth><atprecis Sync="TRUE">5</atprecis><attscale Sync="TRUE">0</attscale></attr><attr><attrlabl Sync="TRUE">EWAY_CODE</attrlabl><attalias Sync="TRUE">EWAY_CODE</attalias><attrtype Sync="TRUE">SmallInteger</attrtype><attwidth Sync="TRUE">5</attwidth><atprecis Sync="TRUE">5</atprecis><attscale Sync="TRUE">0</attscale></attr><attr><attrlabl Sync="TRUE">DIR</attrlabl><attalias Sync="TRUE">DIR</attalias><attrtype Sync="TRUE">SmallInteger</attrtype><attwidth Sync="TRUE">5</attwidth><atprecis Sync="TRUE">5</atprecis><attscale Sync="TRUE">0</attscale></attr><attr><attrlabl Sync="TRUE">DST_KM</attrlabl><attalias Sync="TRUE">DST_KM</attalias><attrtype Sync="TRUE">Double</attrtype><attwidth Sync="TRUE">19</attwidth><atprecis Sync="TRUE">0</atprecis><attscale Sync="TRUE">0</attscale></attr><attr><attrlabl Sync="TRUE">X</attrlabl><attalias Sync="TRUE">X</attalias><attrtype Sync="TRUE">Double</attrtype><attwidth Sync="TRUE">19</attwidth><atprecis Sync="TRUE">0</atprecis><attscale Sync="TRUE">0</attscale></attr><attr><attrlabl Sync="TRUE">Y</attrlabl><attalias Sync="TRUE">Y</attalias><attrtype Sync="TRUE">Double</attrtype><attwidth Sync="TRUE">19</attwidth><atprecis Sync="TRUE">0</atprecis><attscale Sync="TRUE">0</attscale></attr><attr><attrlabl Sync="TRUE">ROADCODE</attrlabl><attalias Sync="TRUE">ROADCODE</attalias><attrtype Sync="TRUE">String</attrtype><attwidth Sync="TRUE">6</attwidth><atprecis Sync="TRUE">0</atprecis><attscale Sync="TRUE">0</attscale></attr><attr><attrlabl Sync="TRUE">HIDDEN</attrlabl><attalias Sync="TRUE">HIDDEN</attalias><attrtype Sync="TRUE">SmallInteger</attrtype><attwidth Sync="TRUE">5</attwidth><atprecis Sync="TRUE">5</atprecis><attscale Sync="TRUE">0</attscale></attr><attr><attrlabl Sync="TRUE">DIMMING_MO</attrlabl><attalias Sync="TRUE">DIMMING_MO</attalias><attrtype Sync="TRUE">SmallInteger</attrtype><attwidth Sync="TRUE">5</attwidth><atprecis Sync="TRUE">5</atprecis><attscale Sync="TRUE">0</attscale></attr><attr><attrlabl Sync="TRUE">DIMMING_LE</attrlabl><attalias Sync="TRUE">DIMMING_LE</attalias><attrtype Sync="TRUE">SmallInteger</attrtype><attwidth Sync="TRUE">5</attwidth><atprecis Sync="TRUE">5</atprecis><attscale Sync="TRUE">0</attscale></attr><attr><attrlabl Sync="TRUE">DS0</attrlabl><attalias Sync="TRUE">DS0</attalias><attrtype Sync="TRUE">SmallInteger</attrtype><attwidth Sync="TRUE">5</attwidth><atprecis Sync="TRUE">5</atprecis><attscale Sync="TRUE">0</attscale></attr><attr><attrlabl Sync="TRUE">DS5</attrlabl><attalias Sync="TRUE">DS5</attalias><attrtype Sync="TRUE">SmallInteger</attrtype><attwidth Sync="TRUE">5</attwidth><atprecis Sync="TRUE">5</atprecis><attscale Sync="TRUE">0</attscale></attr><attr><attrlabl Sync="TRUE">DS6</attrlabl><attalias Sync="TRUE">DS6</attalias><attrtype Sync="TRUE">SmallInteger</attrtype><attwidth Sync="TRUE">5</attwidth><atprecis Sync="TRUE">5</atprecis><attscale Sync="TRUE">0</attscale></attr><attr><attrlabl Sync="TRUE">DS9</attrlabl><attalias Sync="TRUE">DS9</attalias><attrtype Sync="TRUE">SmallInteger</attrtype><attwidth Sync="TRUE">5</attwidth><atprecis Sync="TRUE">5</atprecis><attscale Sync="TRUE">0</attscale></attr><attr><attrlabl Sync="TRUE">DSA</attrlabl><attalias Sync="TRUE">DSA</attalias><attrtype Sync="TRUE">SmallInteger</attrtype><attwidth Sync="TRUE">5</attwidth><atprecis Sync="TRUE">5</atprecis><attscale Sync="TRUE">0</attscale></attr><attr><attrlabl Sync="TRUE">DSB</attrlabl><attalias Sync="TRUE">DSB</attalias><attrtype Sync="TRUE">SmallInteger</attrtype><attwidth Sync="TRUE">5</attwidth><atprecis Sync="TRUE">5</atprecis><attscale Sync="TRUE">0</attscale></attr><attr><attrlabl Sync="TRUE">DSC</attrlabl><attalias Sync="TRUE">DSC</attalias><attrtype Sync="TRUE">SmallInteger</attrtype><attwidth Sync="TRUE">5</attwidth><atprecis Sync="TRUE">5</atprecis><attscale Sync="TRUE">0</attscale></attr></detailed></eainfo><mdDateSt Sync="TRUE">20190506</mdDateSt></metadata>
