<?xml version="1.0"?>
<!--<!DOCTYPE metadata SYSTEM "http://www.esri.com/metadata/esriprof80.dtd">-->
<metadata xml:lang="en"><Esri><CreaDate>20190419</CreaDate><CreaTime>02242100</CreaTime><SyncOnce>FALSE</SyncOnce><DataProperties><lineage><Process ToolSource="c:\program files (x86)\arcgis\desktop10.2\ArcToolbox\Toolboxes\Data Management Tools.tbx\CalculateField" Date="20140512" Time="115904">CalculateField GIS_EA_FELS_ATTR ZONE_ID 5 VB #</Process><Process ToolSource="c:\program files (x86)\arcgis\desktop10.2\ArcToolbox\Toolboxes\Data Management Tools.tbx\CalculateField" Date="20140512" Time="115941">CalculateField GIS_EA_FELS_ATTR ZONE_ID 6 VB #</Process><Process ToolSource="c:\program files (x86)\arcgis\desktop10.2\ArcToolbox\Toolboxes\Data Management Tools.tbx\CalculateField" Date="20140512" Time="120300">CalculateField GIS_EA_FELS_ATTR STATUS 0 VB #</Process><Process ToolSource="c:\program files (x86)\arcgis\desktop10.2\ArcToolbox\Toolboxes\Data Management Tools.tbx\CalculateField" Date="20140512" Time="120331">CalculateField GIS_EA_FELS_ATTR ALARM 0 VB #</Process><Process ToolSource="c:\program files (x86)\arcgis\desktop10.2\ArcToolbox\Toolboxes\Data Management Tools.tbx\CalculateField" Date="20140512" Time="120353">CalculateField GIS_EA_FELS_ATTR DST_KM 0 VB #</Process><Process ToolSource="c:\program files (x86)\arcgis\desktop10.2\ArcToolbox\Toolboxes\Data Management Tools.tbx\CalculateField" Date="20140514" Time="103325">CalculateField GIS_EA_FELS_ATTR LAST_UPD_D "Date (  )" VB #</Process><Process ToolSource="c:\program files (x86)\arcgis\desktop10.2\ArcToolbox\Toolboxes\Data Management Tools.tbx\CalculateField" Date="20140804" Time="150607">CalculateField GIS_EA_FELS_ATTR NAME [EQT_ID] VB #</Process><Process ToolSource="c:\program files (x86)\arcgis\desktop10.2\ArcToolbox\Toolboxes\Data Management Tools.tbx\CalculateField" Date="20140804" Time="150617">CalculateField GIS_EA_FELS_ATTR STATUS 0 VB #</Process><Process ToolSource="c:\program files (x86)\arcgis\desktop10.2\ArcToolbox\Toolboxes\Data Management Tools.tbx\CalculateField" Date="20140804" Time="150645">CalculateField GIS_EA_FELS_ATTR LAST_UPD_D "Date (  )" VB #</Process><Process ToolSource="c:\program files (x86)\arcgis\desktop10.2\ArcToolbox\Toolboxes\Data Management Tools.tbx\CalculateField" Date="20140804" Time="150705">CalculateField GIS_EA_FELS_ATTR ALARM 0 VB #</Process><Process ToolSource="c:\program files (x86)\arcgis\desktop10.2\ArcToolbox\Toolboxes\Data Management Tools.tbx\CalculateField" Date="20140804" Time="150728">CalculateField GIS_EA_FELS_ATTR DST_KM 0 VB #</Process><Process ToolSource="c:\program files (x86)\arcgis\desktop10.2\ArcToolbox\Toolboxes\Data Management Tools.tbx\CalculateField" Date="20140804" Time="150908">CalculateField GIS_EA_FELS_ATTR DIR b VB "Dim a, b\n\na = Right( [EQT_ID], 6)\n\nif (a MOD 2 = 0) then\n b = 1\nelse\n b = 2\nend if\n\n"</Process><Process ToolSource="c:\program files (x86)\arcgis\desktop10.2\ArcToolbox\Toolboxes\Data Management Tools.tbx\CalculateField" Date="20140804" Time="154756">CalculateField GIS_EA_FELS_ATTR LAST_UPD_D "Date (  )" VB #</Process><Process ToolSource="c:\program files (x86)\arcgis\desktop10.2\ArcToolbox\Toolboxes\Data Management Tools.tbx\CalculateField" Date="20140804" Time="154810">CalculateField GIS_EA_FELS_ATTR ALARM 0 VB #</Process><Process ToolSource="c:\program files (x86)\arcgis\desktop10.2\ArcToolbox\Toolboxes\Data Management Tools.tbx\CalculateField" Date="20140804" Time="154829">CalculateField GIS_EA_FELS_ATTR NAME [EQT_ID] VB #</Process><Process ToolSource="c:\program files (x86)\arcgis\desktop10.2\ArcToolbox\Toolboxes\Data Management Tools.tbx\CalculateField" Date="20140804" Time="154905">CalculateField GIS_EA_FELS_ATTR STATUS 0 VB #</Process><Process ToolSource="c:\program files (x86)\arcgis\desktop10.2\ArcToolbox\Toolboxes\Data Management Tools.tbx\CalculateField" Date="20140804" Time="154915">CalculateField GIS_EA_FELS_ATTR DST_KM 0 VB #</Process><Process ToolSource="c:\program files (x86)\arcgis\desktop10.2\ArcToolbox\Toolboxes\Data Management Tools.tbx\CalculateField" Date="20140804" Time="155056">CalculateField GIS_EA_FELS_ATTR DIR b VB "Dim a, b\n\na = Right( [EQT_ID], 6)\n\nif (a MOD 2 = 0) then\n b = 1\nelse\n b = 2\nend if\n\n"</Process><Process ToolSource="c:\program files (x86)\arcgis\desktop10.2\ArcToolbox\Toolboxes\Data Management Tools.tbx\CalculateField" Date="20140804" Time="155403">CalculateField GIS_EA_FELS_ATTR ZONE_ID 2 VB #</Process><Process ToolSource="c:\program files (x86)\arcgis\desktop10.2\ArcToolbox\Toolboxes\Data Management Tools.tbx\CalculateField" Date="20140804" Time="155841">CalculateField GIS_EA_FELS_ATTR ZONE_ID 8 VB #</Process><Process ToolSource="c:\program files (x86)\arcgis\desktop10.2\ArcToolbox\Toolboxes\Data Management Tools.tbx\CalculateField" Date="20140804" Time="160003">CalculateField GIS_EA_FELS_ATTR ZONE_ID 7 VB #</Process><Process ToolSource="c:\program files (x86)\arcgis\desktop10.2\ArcToolbox\Toolboxes\Data Management Tools.tbx\CalculateField" Date="20140804" Time="160113">CalculateField GIS_EA_FELS_ATTR ZONE_ID 6 VB #</Process><Process ToolSource="c:\program files (x86)\arcgis\desktop10.2\ArcToolbox\Toolboxes\Data Management Tools.tbx\CalculateField" Date="20140804" Time="160335">CalculateField GIS_EA_FELS_ATTR ZONE_ID 5 VB #</Process><Process ToolSource="c:\program files (x86)\arcgis\desktop10.2\ArcToolbox\Toolboxes\Data Management Tools.tbx\CalculateField" Date="20140805" Time="101416">CalculateField GIS_EA_FELS_ATTR_DET LAST_UPD_D "Date (  )" VB #</Process><Process ToolSource="c:\program files (x86)\arcgis\desktop10.2\ArcToolbox\Toolboxes\Data Management Tools.tbx\CalculateField" Date="20140805" Time="143010">CalculateField GIS_EA_FELS_ATTR_DET LAST_UPD_D "Date (  )" VB #</Process><Process ToolSource="c:\program files (x86)\arcgis\desktop10.2\ArcToolbox\Toolboxes\Data Management Tools.tbx\CalculateField" Date="20140805" Time="143135">CalculateField GIS_EA_FELS_ATTR_DET LAST_UPD_D "Date (  )" VB #</Process><Process ToolSource="c:\program files (x86)\arcgis\desktop10.2\ArcToolbox\Toolboxes\Data Management Tools.tbx\CalculateField" Date="20140805" Time="143236">CalculateField GIS_EA_FELS_ATTR_DET LAST_UPD_D "Date (  )" VB #</Process><Process ToolSource="c:\program files (x86)\arcgis\desktop10.2\ArcToolbox\Toolboxes\Data Management Tools.tbx\CalculateField" Date="20140805" Time="143336">CalculateField GIS_EA_FELS_ATTR_DET LAST_UPD_D "Date (  )" VB #</Process><Process ToolSource="c:\program files (x86)\arcgis\desktop10.2\ArcToolbox\Toolboxes\Data Management Tools.tbx\CalculateField" Date="20140805" Time="143454">CalculateField GIS_EA_FELS_ATTR_DET LAST_UPD_D "Date (  )" VB #</Process><Process ToolSource="c:\program files (x86)\arcgis\desktop10.2\ArcToolbox\Toolboxes\Data Management Tools.tbx\CalculateField" Date="20140805" Time="143559">CalculateField GIS_EA_FELS_ATTR_DET LAST_UPD_D "Date (  )" VB #</Process><Process ToolSource="c:\program files (x86)\arcgis\desktop10.2\ArcToolbox\Toolboxes\Data Management Tools.tbx\CalculateField" Date="20140805" Time="145441">CalculateField GIS_EA_FELS_ATTR_DET LAST_UPD_D "Date (  )" VB #</Process><Process ToolSource="c:\program files (x86)\arcgis\desktop10.2\ArcToolbox\Toolboxes\Data Management Tools.tbx\CalculateField" Date="20140805" Time="151420">CalculateField GIS_EA_FELS_ATTR NAME [EQT_ID] VB #</Process><Process ToolSource="c:\program files (x86)\arcgis\desktop10.2\ArcToolbox\Toolboxes\Data Management Tools.tbx\CalculateField" Date="20140805" Time="151449">CalculateField GIS_EA_FELS_ATTR STATUS 0 VB #</Process><Process ToolSource="c:\program files (x86)\arcgis\desktop10.2\ArcToolbox\Toolboxes\Data Management Tools.tbx\CalculateField" Date="20140805" Time="151456">CalculateField GIS_EA_FELS_ATTR ALARM 0 VB #</Process><Process ToolSource="c:\program files (x86)\arcgis\desktop10.2\ArcToolbox\Toolboxes\Data Management Tools.tbx\CalculateField" Date="20140805" Time="151825">CalculateField GIS_EA_FELS_ATTR ZONE_ID 2 VB #</Process><Process ToolSource="c:\program files (x86)\arcgis\desktop10.2\ArcToolbox\Toolboxes\Data Management Tools.tbx\CalculateField" Date="20140805" Time="151921">CalculateField GIS_EA_FELS_ATTR ZONE_ID 8 VB #</Process><Process ToolSource="c:\program files (x86)\arcgis\desktop10.2\ArcToolbox\Toolboxes\Data Management Tools.tbx\CalculateField" Date="20140805" Time="151949">CalculateField GIS_EA_FELS_ATTR ZONE_ID 1 VB #</Process><Process ToolSource="c:\program files (x86)\arcgis\desktop10.2\ArcToolbox\Toolboxes\Data Management Tools.tbx\CalculateField" Date="20140805" Time="152024">CalculateField GIS_EA_FELS_ATTR ZONE_ID 7 VB #</Process><Process ToolSource="c:\program files (x86)\arcgis\desktop10.2\ArcToolbox\Toolboxes\Data Management Tools.tbx\CalculateField" Date="20140805" Time="152107">CalculateField GIS_EA_FELS_ATTR ZONE_ID 3 VB #</Process><Process ToolSource="c:\program files (x86)\arcgis\desktop10.2\ArcToolbox\Toolboxes\Data Management Tools.tbx\CalculateField" Date="20140805" Time="152144">CalculateField GIS_EA_FELS_ATTR ZONE_ID 4 VB #</Process><Process ToolSource="c:\program files (x86)\arcgis\desktop10.2\ArcToolbox\Toolboxes\Data Management Tools.tbx\CalculateField" Date="20140805" Time="152226">CalculateField GIS_EA_FELS_ATTR ZONE_ID 6 VB #</Process><Process ToolSource="c:\program files (x86)\arcgis\desktop10.2\ArcToolbox\Toolboxes\Data Management Tools.tbx\CalculateField" Date="20140805" Time="152405">CalculateField GIS_EA_FELS_ATTR ZONE_ID 5 VB #</Process><Process ToolSource="c:\program files (x86)\arcgis\desktop10.2\ArcToolbox\Toolboxes\Data Management Tools.tbx\CalculateField" Date="20140805" Time="155259">CalculateField GIS_EA_FELS_ATTR DIR b VB "Dim a, b\n\na = Right( [EQT_ID], 6)\n\nif (a MOD 2 = 0) then\n b = 1\nelse\n b = 2\nend if\n\n"</Process><Process ToolSource="c:\program files (x86)\arcgis\desktop10.2\ArcToolbox\Toolboxes\Data Management Tools.tbx\CalculateField" Date="20140805" Time="155355">CalculateField GIS_EA_FELS_ATTR DIR b VB "Dim a, b\n\na = Right( [EQT_ID], 6)\n\nif (a MOD 2 = 0) then\n b = 1\nelse\n b = 2\nend if\n\n"</Process><Process ToolSource="c:\program files (x86)\arcgis\desktop10.2\ArcToolbox\Toolboxes\Data Management Tools.tbx\CalculateField" Date="20140805" Time="155442">CalculateField GIS_EA_FELS_ATTR DIR b VB "Dim a, b\n\na = Right( [EQT_ID], 6)\n\nif (a MOD 2 = 0) then\n b = 1\nelse\n b = 2\nend if\n\n"</Process><Process ToolSource="c:\program files (x86)\arcgis\desktop10.2\ArcToolbox\Toolboxes\Data Management Tools.tbx\CalculateField" Date="20140805" Time="155543">CalculateField GIS_EA_FELS_ATTR DIR b VB "Dim a, b\n\na = Right( [EQT_ID], 6)\n\nif (a MOD 2 = 0) then\n b = 1\nelse\n b = 2\nend if\n\n"</Process><Process ToolSource="c:\program files (x86)\arcgis\desktop10.2\ArcToolbox\Toolboxes\Data Management Tools.tbx\CalculateField" Date="20140805" Time="170123">CalculateField GIS_EA_FELS_ATTR DST_KM 0 VB #</Process><Process ToolSource="c:\program files (x86)\arcgis\desktop10.2\ArcToolbox\Toolboxes\Data Management Tools.tbx\CalculateField" Date="20140805" Time="170612">CalculateField GIS_EA_FELS_ATTR EQT_TYPE "dcam" VB #</Process><Process ToolSource="c:\program files (x86)\arcgis\desktop10.4\ArcToolbox\Toolboxes\Data Management Tools.tbx\CalculateField" Date="20160620" Time="100920">CalculateField GIS_EA_FELS_ATTR EQT_TYPE "surv" VB #</Process><Process ToolSource="c:\program files (x86)\arcgis\desktop10.4\ArcToolbox\Toolboxes\Data Management Tools.tbx\CalculateField" Date="20160620" Time="100951">CalculateField GIS_EA_FELS_ATTR STATUS 0 VB #</Process><Process ToolSource="c:\program files (x86)\arcgis\desktop10.4\ArcToolbox\Toolboxes\Data Management Tools.tbx\CalculateField" Date="20160620" Time="101056">CalculateField GIS_EA_FELS_ATTR DST_KM 0 VB #</Process><Process ToolSource="c:\program files (x86)\arcgis\desktop10.4\ArcToolbox\Toolboxes\Data Management Tools.tbx\CalculateField" Date="20160623" Time="100933">CalculateField GIS_EA_FELS_ATTR ALARM 0 VB #</Process><Process ToolSource="c:\program files (x86)\arcgis\desktop10.4\ArcToolbox\Toolboxes\Data Management Tools.tbx\CalculateField" Date="20160722" Time="142016">CalculateField GIS_EA_FELS_ATTR LAST_UPD_D "22/7/2016" VB #</Process><Process ToolSource="c:\program files (x86)\arcgis\desktop10.4\ArcToolbox\Toolboxes\Data Management Tools.tbx\CalculateField" Date="20170203" Time="101110">CalculateField GIS_EA_FELS_ATTR NAME [EQT_ID] VB #</Process><Process ToolSource="c:\program files (x86)\arcgis\desktop10.4\ArcToolbox\Toolboxes\Data Management Tools.tbx\CalculateField" Date="20170203" Time="101153">CalculateField GIS_EA_FELS_ATTR LAST_UPD_D "3/2/2017" VB #</Process><Process ToolSource="c:\program files (x86)\arcgis\desktop10.4\ArcToolbox\Toolboxes\Data Management Tools.tbx\CalculateField" Date="20170203" Time="101228">CalculateField GIS_EA_FELS_ATTR EQT_TYPE "surv" VB #</Process><Process ToolSource="c:\program files (x86)\arcgis\desktop10.4\ArcToolbox\Toolboxes\Data Management Tools.tbx\CalculateField" Date="20170203" Time="101243">CalculateField GIS_EA_FELS_ATTR STATUS 0 VB #</Process><Process ToolSource="c:\program files (x86)\arcgis\desktop10.4\ArcToolbox\Toolboxes\Data Management Tools.tbx\CalculateField" Date="20170203" Time="101400">CalculateField GIS_EA_FELS_ATTR ZONE_ID 5 VB #</Process><Process ToolSource="c:\program files (x86)\arcgis\desktop10.4\ArcToolbox\Toolboxes\Data Management Tools.tbx\CalculateField" Date="20170203" Time="101409">CalculateField GIS_EA_FELS_ATTR ALARM 0 VB #</Process><Process ToolSource="c:\program files (x86)\arcgis\desktop10.4\ArcToolbox\Toolboxes\Data Management Tools.tbx\CalculateField" Date="20170203" Time="101420">CalculateField GIS_EA_FELS_ATTR EAC_CODE 56 VB #</Process><Process ToolSource="c:\program files (x86)\arcgis\desktop10.4\ArcToolbox\Toolboxes\Data Management Tools.tbx\CalculateField" Date="20170203" Time="101447">CalculateField GIS_EA_FELS_ATTR DST_KM 0 VB #</Process><Process ToolSource="c:\program files (x86)\arcgis\desktop10.3\ArcToolbox\Toolboxes\Conversion Tools.tbx\FeatureClassToFeatureClass" Date="20181022" Time="142226">FeatureClassToFeatureClass C:\Users\tisin\Documents\RP147\Inprogress\ProductionCopy.mdb\GIS_EA_FELS_ATTR_20180619 F:\deployments\10282018\deployment20181028.mdb GIS_EA_FELS_ATTR_20181028 # "EQT_ID "EQT_ID" true true false 20 Text 0 0 ,First,#,C:\Users\tisin\Documents\RP147\Inprogress\ProductionCopy.mdb\GIS_EA_FELS_ATTR_20180619,EQT_ID,-1,-1;NAME "NAME" true true false 20 Text 0 0 ,First,#,C:\Users\tisin\Documents\RP147\Inprogress\ProductionCopy.mdb\GIS_EA_FELS_ATTR_20180619,NAME,-1,-1;STATUS "STATUS" true true false 1 Text 0 0 ,First,#,C:\Users\tisin\Documents\RP147\Inprogress\ProductionCopy.mdb\GIS_EA_FELS_ATTR_20180619,STATUS,-1,-1;EQT_TYPE "EQT_TYPE" true true false 5 Text 0 0 ,First,#,C:\Users\tisin\Documents\RP147\Inprogress\ProductionCopy.mdb\GIS_EA_FELS_ATTR_20180619,EQT_TYPE,-1,-1;ZONE_ID "ZONE_ID" true true false 2 Short 0 0 ,First,#,C:\Users\tisin\Documents\RP147\Inprogress\ProductionCopy.mdb\GIS_EA_FELS_ATTR_20180619,ZONE_ID,-1,-1;LAST_UPD_D "LAST_UPD_D" true true false 8 Date 0 0 ,First,#,C:\Users\tisin\Documents\RP147\Inprogress\ProductionCopy.mdb\GIS_EA_FELS_ATTR_20180619,LAST_UPD_D,-1,-1;ALARM "ALARM" true true false 2 Short 0 0 ,First,#,C:\Users\tisin\Documents\RP147\Inprogress\ProductionCopy.mdb\GIS_EA_FELS_ATTR_20180619,ALARM,-1,-1;EAC_CODE "EAC_CODE" true true false 2 Short 0 0 ,First,#,C:\Users\tisin\Documents\RP147\Inprogress\ProductionCopy.mdb\GIS_EA_FELS_ATTR_20180619,EAC_CODE,-1,-1;DIR "DIR" true true false 2 Short 0 0 ,First,#,C:\Users\tisin\Documents\RP147\Inprogress\ProductionCopy.mdb\GIS_EA_FELS_ATTR_20180619,DIR,-1,-1;DST_KM "DST_KM" true true false 8 Double 0 0 ,First,#,C:\Users\tisin\Documents\RP147\Inprogress\ProductionCopy.mdb\GIS_EA_FELS_ATTR_20180619,DST_KM,-1,-1;X "X" true true false 8 Double 0 0 ,First,#,C:\Users\tisin\Documents\RP147\Inprogress\ProductionCopy.mdb\GIS_EA_FELS_ATTR_20180619,X,-1,-1;Y "Y" true true false 8 Double 0 0 ,First,#,C:\Users\tisin\Documents\RP147\Inprogress\ProductionCopy.mdb\GIS_EA_FELS_ATTR_20180619,Y,-1,-1;LOC_DESC "LOC_DESC" true true false 100 Text 0 0 ,First,#,C:\Users\tisin\Documents\RP147\Inprogress\ProductionCopy.mdb\GIS_EA_FELS_ATTR_20180619,LOC_DESC,-1,-1" #</Process><Process ToolSource="c:\program files (x86)\arcgis\desktop10.3\ArcToolbox\Toolboxes\Data Management Tools.tbx\CalculateField" Date="20181024" Time="111531">CalculateField 10282018\GIS_EA_FELS_ATTR_20181028 LAST_UPD_D "Date (  )" VB #</Process></lineage><itemProps><itemLocation><linkage Sync="TRUE">file://\\SGD00062\C$\Project\Data\FOR_MANJULAH\ITSWC\GISDBO_GIS_EA_FELS_ATTR.shp</linkage><protocol Sync="TRUE">Local Area Network</protocol></itemLocation><itemName Sync="TRUE">GISDBO_GIS_EA_FELS_ATTR</itemName><imsContentType Sync="TRUE">002</imsContentType><nativeExtBox><westBL Sync="TRUE">5447.071848</westBL><eastBL Sync="TRUE">43362.665995</eastBL><southBL Sync="TRUE">27568.907023</southBL><northBL Sync="TRUE">45719.495232</northBL><exTypeCode Sync="TRUE">1</exTypeCode></nativeExtBox><itemSize Sync="TRUE">0.000</itemSize></itemProps><coordRef><type Sync="TRUE">Projected</type><geogcsn Sync="TRUE">GCS_SVY21</geogcsn><csUnits Sync="TRUE">Linear Unit: Meter (1.000000)</csUnits><projcsn Sync="TRUE">SVY21_Singapore_TM</projcsn><peXml Sync="TRUE">&lt;ProjectedCoordinateSystem xsi:type='typens:ProjectedCoordinateSystem' xmlns:xsi='http://www.w3.org/2001/XMLSchema-instance' xmlns:xs='http://www.w3.org/2001/XMLSchema' xmlns:typens='http://www.esri.com/schemas/ArcGIS/10.3'&gt;&lt;WKT&gt;PROJCS[&amp;quot;SVY21_Singapore_TM&amp;quot;,GEOGCS[&amp;quot;GCS_SVY21&amp;quot;,DATUM[&amp;quot;D_SVY21&amp;quot;,SPHEROID[&amp;quot;WGS_1984&amp;quot;,6378137.0,298.257223563]],PRIMEM[&amp;quot;Greenwich&amp;quot;,0.0],UNIT[&amp;quot;Degree&amp;quot;,0.0174532925199433]],PROJECTION[&amp;quot;Transverse_Mercator&amp;quot;],PARAMETER[&amp;quot;false_easting&amp;quot;,28001.642],PARAMETER[&amp;quot;false_northing&amp;quot;,38744.572],PARAMETER[&amp;quot;central_meridian&amp;quot;,103.8333333333333],PARAMETER[&amp;quot;scale_factor&amp;quot;,1.0],PARAMETER[&amp;quot;latitude_of_origin&amp;quot;,1.366666666666667],UNIT[&amp;quot;Meter&amp;quot;,1.0],AUTHORITY[&amp;quot;EPSG&amp;quot;,3414]]&lt;/WKT&gt;&lt;XOrigin&gt;-5595200&lt;/XOrigin&gt;&lt;YOrigin&gt;-10114500&lt;/YOrigin&gt;&lt;XYScale&gt;450265407.00157917&lt;/XYScale&gt;&lt;ZOrigin&gt;-100000&lt;/ZOrigin&gt;&lt;ZScale&gt;10000&lt;/ZScale&gt;&lt;MOrigin&gt;-100000&lt;/MOrigin&gt;&lt;MScale&gt;10000&lt;/MScale&gt;&lt;XYTolerance&gt;0.001&lt;/XYTolerance&gt;&lt;ZTolerance&gt;0.001&lt;/ZTolerance&gt;&lt;MTolerance&gt;0.001&lt;/MTolerance&gt;&lt;HighPrecision&gt;true&lt;/HighPrecision&gt;&lt;WKID&gt;3414&lt;/WKID&gt;&lt;LatestWKID&gt;3414&lt;/LatestWKID&gt;&lt;/ProjectedCoordinateSystem&gt;</peXml></coordRef></DataProperties><ArcGISFormat>1.0</ArcGISFormat><SyncDate>20190506</SyncDate><SyncTime>12112800</SyncTime><ModDate>20190506</ModDate><ModTime>12112800</ModTime><MetaID>{FF18F357-7511-4021-873F-1BBE0D7B1060}</MetaID></Esri><idinfo><citation><citeinfo><onlink Sync="TRUE">\\IW9\G\TEMP\NEW_SET2\jan19_mapupdate.mdb</onlink><title Sync="TRUE">GIS_EA_FELS_ATTR_20170719</title><ftname Sync="TRUE">GIS_EA_FELS_ATTR_20170719</ftname><geoform Sync="TRUE">vector digital data</geoform></citeinfo></citation><native Sync="TRUE">Microsoft Windows 2000 Version 5.1 (Build 2600) Service Pack 3; ESRI ArcCatalog 8.3.0.800</native><descript><langdata Sync="TRUE">en</langdata></descript><natvform Sync="TRUE">Personal GeoDatabase Feature Class</natvform><spdom><lboundng><leftbc Sync="TRUE">5447.071848</leftbc><rightbc Sync="TRUE">43362.665995</rightbc><bottombc Sync="TRUE">27568.907023</bottombc><topbc Sync="TRUE">45719.495232</topbc></lboundng><bounding><westbc Sync="TRUE">103.630660</westbc><eastbc Sync="TRUE">103.971366</eastbc><northbc Sync="TRUE">1.429745</northbc><southbc Sync="TRUE">1.265590</southbc></bounding></spdom></idinfo><distInfo><distributor><distorTran><onLineSrc><linkage Sync="TRUE">file://\\IW9\G\TEMP\NEW_SET2\jan19_mapupdate.mdb</linkage><protocol Sync="TRUE">Local Area Network</protocol><orDesc Sync="TRUE">002</orDesc></onLineSrc></distorTran><distorFormat><formatName Sync="TRUE">Personal GeoDatabase Feature Class</formatName></distorFormat></distributor><distFormat><formatName Sync="TRUE">Shapefile</formatName></distFormat><distTranOps><transSize Sync="TRUE">0.000</transSize></distTranOps></distInfo><dataqual><lineage><procstep><procdesc Sync="TRUE">Dataset moved.</procdesc><srcused Sync="TRUE">C:\osh\Dev\DevShapeFiles\GIS_EA_FELS_ATTR</srcused><date Sync="TRUE">20101220</date><time Sync="TRUE">14151100</time></procstep><procstep><procdesc Sync="TRUE">Dataset copied.</procdesc><srcused Sync="TRUE"></srcused><date Sync="TRUE">20110114</date><time Sync="TRUE">16314900</time></procstep><procstep><procdesc Sync="TRUE">Dataset copied.</procdesc><srcused Sync="TRUE">Server=10.66.1.200; Service=5151; User=gisdbo; Version=SDE.DEFAULT</srcused><date Sync="TRUE">20110207</date><time Sync="TRUE">09063700</time></procstep><procstep><procdesc Sync="TRUE">Dataset copied.</procdesc><srcused Sync="TRUE"></srcused><date Sync="TRUE">20110207</date><time Sync="TRUE">09292200</time></procstep><procstep><procdesc Sync="TRUE">Dataset copied.</procdesc><srcused Sync="TRUE">Server=136.10.1.142; Service=5151; User=gisdbo; Version=SDE.DEFAULT</srcused><date Sync="TRUE">20110223</date><time Sync="TRUE">09244500</time></procstep><procstep><procdesc Sync="TRUE">Dataset copied.</procdesc><srcused Sync="TRUE"></srcused><date Sync="TRUE">20110331</date><time Sync="TRUE">09110800</time></procstep><procstep><procdesc Sync="TRUE">Dataset copied.</procdesc><srcused Sync="TRUE">Server=136.10.1.142; Service=5151; User=gisdbo; Version=SDE.DEFAULT</srcused><date Sync="TRUE">20110621</date><time Sync="TRUE">10211900</time></procstep><procstep><procdesc Sync="TRUE">Dataset copied.</procdesc><srcused Sync="TRUE">\\DEVWORKSTATION\C$\osh\Dev\Phase2 (WSV) 20110822\IWGIS_GeoDB.mdb</srcused><date Sync="TRUE">20140516</date><time Sync="TRUE">09512800</time></procstep><procstep><procdesc Sync="TRUE">Dataset copied.</procdesc><srcused Sync="TRUE">Server=10.66.1.200; Service=5151; User=gisdbo; Version=SDE.DEFAULT</srcused><date Sync="TRUE">20140516</date><time Sync="TRUE">11141400</time></procstep><procstep><procdesc Sync="TRUE">Dataset copied.</procdesc><srcused Sync="TRUE">\\DEVWORKSTATION\C$\osh\Dev\Phase2 (WSV) 20110822\IWGIS_GeoDB.mdb</srcused><date Sync="TRUE">20140909</date><time Sync="TRUE">10570400</time></procstep><procstep><procdesc Sync="TRUE">Dataset copied.</procdesc><srcused Sync="TRUE">Server=10.66.1.200; Service=5151; User=gisdbo; Version=SDE.DEFAULT</srcused><date Sync="TRUE">20140912</date><time Sync="TRUE">13555200</time></procstep><procstep><procdesc Sync="TRUE">Dataset copied.</procdesc><srcused Sync="TRUE">\\IW9\C$\osh\Map_MCE_EA (Rem SAP_SGT).mdb</srcused><date Sync="TRUE">20140924</date><time Sync="TRUE">10405600</time></procstep><procstep><procdesc Sync="TRUE">Dataset copied.</procdesc><srcused Sync="TRUE">Server=136.10.1.117; Service=5151; User=gisdbo; Version=SDE.DEFAULT</srcused><date Sync="TRUE">20141007</date><time Sync="TRUE">10023800</time></procstep><procstep><procdesc Sync="TRUE">Dataset copied.</procdesc><srcused Sync="TRUE">Server=136.10.1.117; Service=5151; User=gisdbo; Version=SDE.DEFAULT</srcused><date Sync="TRUE">20150720</date><time Sync="TRUE">14454700</time></procstep><procstep><procdesc Sync="TRUE">Dataset copied.</procdesc><srcused Sync="TRUE">\\DEVWORKSTATION\C$\osh\Dev\GeoData\PROD_20150720(EA).mdb</srcused><date Sync="TRUE">20150720</date><time Sync="TRUE">14533900</time></procstep><procstep><procdesc Sync="TRUE">Dataset copied.</procdesc><srcused Sync="TRUE">\\DEVWORKSTATION\C$\osh\Dev\Phase2 (WSV) 20110822\IWGIS_GeoDB.mdb</srcused><date Sync="TRUE">20150720</date><time Sync="TRUE">17345200</time></procstep><procstep><procdesc Sync="TRUE">Dataset copied.</procdesc><srcused Sync="TRUE">\\IW9\C$\osh\MapUpdate_20150720.mdb</srcused><date Sync="TRUE">20150720</date><time Sync="TRUE">17433900</time></procstep><procstep><procdesc Sync="TRUE">Dataset copied.</procdesc><srcused Sync="TRUE">Server=136.10.1.116; Service=5151; User=gisdbo; Version=SDE.DEFAULT</srcused><date Sync="TRUE">20150720</date><time Sync="TRUE">18012400</time></procstep><procstep><procdesc Sync="TRUE">Dataset copied.</procdesc><srcused Sync="TRUE">Server=136.10.1.117; Service=5151; User=gisdbo; Version=SDE.DEFAULT</srcused><date Sync="TRUE">20151005</date><time Sync="TRUE">13585700</time></procstep><procstep><procdesc Sync="TRUE">Dataset copied.</procdesc><srcused Sync="TRUE">\\DEVWORKSTATION\C$\osh\Dev\GeoData\EE_EMAS_EQUIP_PROD_20151005.mdb</srcused><date Sync="TRUE">20160111</date><time Sync="TRUE">16193400</time></procstep><procstep><procdesc Sync="TRUE">Dataset copied.</procdesc><srcused Sync="TRUE">Server=10.66.1.200; Service=5151; User=gisdbo; Version=SDE.DEFAULT</srcused><date Sync="TRUE">20160111</date><time Sync="TRUE">16425100</time></procstep><procstep><procdesc Sync="TRUE">Dataset copied.</procdesc><srcused Sync="TRUE">\\IW9\C$\osh\EE_EMAS_EQUIP_PROD_20151005.mdb</srcused><date Sync="TRUE">20160118</date><time Sync="TRUE">14305700</time></procstep><procstep><procdesc Sync="TRUE">Dataset copied.</procdesc><srcused Sync="TRUE">Server=136.10.1.117; Service=5151; User=gisdbo; Version=SDE.DEFAULT</srcused><date Sync="TRUE">20160118</date><time Sync="TRUE">14340300</time></procstep><procstep><procdesc Sync="TRUE">Dataset copied.</procdesc><srcused Sync="TRUE">Server=136.10.1.117; Service=5151; User=gisdbo; Version=SDE.DEFAULT</srcused><date Sync="TRUE">20160401</date><time Sync="TRUE">09210900</time></procstep><procstep><procdesc Sync="TRUE">Dataset copied.</procdesc><srcused Sync="TRUE">\\DEVWORKSTATION\G\20170218 (Tuas Viaduct)\Empty.mdb</srcused><date Sync="TRUE">20170206</date><time Sync="TRUE">11533200</time></procstep><procstep><procdesc Sync="TRUE">Dataset copied.</procdesc><srcused Sync="TRUE">\\IW9\E\20170218 (Tuas Viaduct)\Empty.mdb</srcused><date Sync="TRUE">20170216</date><time Sync="TRUE">17241600</time></procstep><procstep><procdesc Sync="TRUE">Dataset copied.</procdesc><srcused Sync="TRUE">Server=136.10.1.117; Service=5151; User=gisdbo; Version=SDE.DEFAULT</srcused><date Sync="TRUE">20170509</date><time Sync="TRUE">16390600</time></procstep><procstep><procdesc Sync="TRUE">Dataset copied.</procdesc><srcused Sync="TRUE">\\DEVWORKSTATION\D$\Tiffany\Assignments\ProductionData - Sengkang Merged\production20170509.mdb</srcused><date Sync="TRUE">20170511</date><time Sync="TRUE">16250300</time></procstep><procstep><procdesc Sync="TRUE">Dataset copied.</procdesc><srcused Sync="TRUE">\\IW9\E\TStemp\MU_Sengkang_20170511.mdb</srcused><date Sync="TRUE">20170511</date><time Sync="TRUE">17554800</time></procstep><procstep><procdesc Sync="TRUE">Dataset copied.</procdesc><srcused Sync="TRUE">Server=136.10.1.116; Service=5151; User=gisdbo; Version=SDE.DEFAULT</srcused><date Sync="TRUE">20170607</date><time Sync="TRUE">15072400</time></procstep><procstep><procdesc Sync="TRUE">Dataset copied.</procdesc><srcused Sync="TRUE">\\IW9\E\TP FLYOVER\Deployment20170610.mdb</srcused><date Sync="TRUE">20170608</date><time Sync="TRUE">18190700</time></procstep><procstep><procdesc Sync="TRUE">Dataset copied.</procdesc><srcused Sync="TRUE">Server=136.10.1.116; Service=5151; User=gisdbo; Version=SDE.DEFAULT</srcused><date Sync="TRUE">20170703</date><time Sync="TRUE">10471300</time></procstep><procstep><procdesc Sync="TRUE">Dataset copied.</procdesc><srcused Sync="TRUE">\\DEVWORKSTATION\G\Updates.mdb</srcused><date Sync="TRUE">20170718</date><time Sync="TRUE">16230300</time></procstep><procstep><procdesc Sync="TRUE">Dataset copied.</procdesc><srcused Sync="TRUE">\\DEVWORKSTATION\D$\Tiffany\Assignments\Adhoc\Updates.mdb</srcused><date Sync="TRUE">20170718</date><time Sync="TRUE">16340000</time></procstep><procstep><procdesc Sync="TRUE">Dataset copied.</procdesc><srcused Sync="TRUE">\\DEVWORKSTATION\H\deployments\20170720\Deployment20170720.mdb</srcused><date Sync="TRUE">20170727</date><time Sync="TRUE">15422600</time></procstep><procstep><procdesc Sync="TRUE">Dataset copied.</procdesc><srcused Sync="TRUE">\\DEVWORKSTATION\G\ProductionCopy.mdb</srcused><date Sync="TRUE">20170823</date><time Sync="TRUE">16212600</time></procstep><procstep><procdesc Sync="TRUE">Dataset copied.</procdesc><srcused Sync="TRUE">\\DEVWORKSTATION\C$\Tiffany\Assignments\rezoning\NEWZONES.mdb</srcused><date Sync="TRUE">20170830</date><time Sync="TRUE">15014200</time></procstep><procstep><procdesc Sync="TRUE">Dataset copied.</procdesc><srcused Sync="TRUE">\\IW9\E\rezoning_IW\deploymentready.mdb</srcused><date Sync="TRUE">20170904</date><time Sync="TRUE">14341100</time></procstep><procstep><procdesc Sync="TRUE">Dataset copied.</procdesc><srcused Sync="TRUE">Server=fallback; Service=5151; User=gisdbo; Version=SDE.DEFAULT</srcused><date Sync="TRUE">20171005</date><time Sync="TRUE">11271300</time></procstep><procstep><procdesc Sync="TRUE">Dataset copied.</procdesc><srcused Sync="TRUE">\\DEVWORKSTATION\G\ProductionCopy.mdb</srcused><date Sync="TRUE">20171005</date><time Sync="TRUE">11473300</time></procstep><procstep><procdesc Sync="TRUE">Dataset copied.</procdesc><srcused Sync="TRUE">\\DEVWORKSTATION\C$\Tiffany\Assignments\Deployments\201709xx\deployment_201710xx.mdb</srcused><date Sync="TRUE">20171009</date><time Sync="TRUE">14571500</time></procstep><procstep><procdesc Sync="TRUE">Dataset copied.</procdesc><srcused Sync="TRUE">Server=itpt_db; Service=5151; User=gisdbo; Version=SDE.DEFAULT</srcused><date Sync="TRUE">20171013</date><time Sync="TRUE">15151400</time></procstep><procstep><procdesc Sync="TRUE">Dataset copied.</procdesc><srcused Sync="TRUE">\\DEVWORKSTATION\G\Deployments\201709xx\deploymentready.mdb</srcused><date Sync="TRUE">20171019</date><time Sync="TRUE">10100100</time></procstep><procstep><procdesc Sync="TRUE">Dataset copied.</procdesc><srcused Sync="TRUE">\\DEVWORKSTATION\G\GIS Data\ProductionCopy.mdb</srcused><date Sync="TRUE">20171025</date><time Sync="TRUE">17223700</time></procstep><procstep><procdesc Sync="TRUE">Dataset copied.</procdesc><srcused Sync="TRUE">\\DEVWORKSTATION\G\Change Requests\CR 229 senja dtt and CR LUS\Updates.mdb</srcused><date Sync="TRUE">20171027</date><time Sync="TRUE">09475000</time></procstep><procstep><procdesc Sync="TRUE">Dataset copied.</procdesc><srcused Sync="TRUE">\\DEVWORKSTATION\H\RP147-iTransport\Deployments\20171030\deploymentready.mdb</srcused><date Sync="TRUE">20171219</date><time Sync="TRUE">16370500</time></procstep><procstep><procdesc Sync="TRUE">Dataset copied.</procdesc><srcused Sync="TRUE">\\DEVWORKSTATION\H\GIS Data\ProductionCopy.mdb</srcused><date Sync="TRUE">20171219</date><time Sync="TRUE">16402100</time></procstep><procstep><procdesc Sync="TRUE">Dataset copied.</procdesc><srcused Sync="TRUE">\\IW9\E\RP147-iTransport\Deployments\20171221\deployment.mdb</srcused><date Sync="TRUE">20171220</date><time Sync="TRUE">17044600</time></procstep><procstep><procdesc Sync="TRUE">Dataset copied.</procdesc><srcused Sync="TRUE">Server=136.10.1.116; Service=5151; User=gisdbo; Version=SDE.DEFAULT</srcused><date Sync="TRUE">20180604</date><time Sync="TRUE">11220300</time></procstep><procstep><procdesc Sync="TRUE">Dataset copied.</procdesc><srcused Sync="TRUE">\\DEVWORKSTATION\C$\Tiffany\CURRENT\june18_mapupdate.mdb</srcused><date Sync="TRUE">20180604</date><time Sync="TRUE">12340700</time></procstep><procstep><procdesc Sync="TRUE">Dataset copied.</procdesc><srcused Sync="TRUE">\\IW9\E\deployment_20181028\deployment20181028.mdb</srcused><date Sync="TRUE">20181026</date><time Sync="TRUE">17180100</time></procstep><procstep><procdesc Sync="TRUE">Dataset copied.</procdesc><srcused Sync="TRUE">Server=136.10.1.115; Service=5151; User=gisdbo; Version=SDE.DEFAULT</srcused><date Sync="TRUE">20190419</date><time Sync="TRUE">02242100</time></procstep></lineage></dataqual><dataIdInfo><envirDesc Sync="TRUE">Microsoft Windows 7 Version 6.1 (Build 7601) Service Pack 1; Esri ArcGIS 10.3.0.4322</envirDesc><dataLang><languageCode value="eng" Sync="TRUE"></languageCode><countryCode value="SGP" Sync="TRUE"></countryCode></dataLang><idCitation><resTitle Sync="TRUE">GISDBO_GIS_EA_FELS_ATTR</resTitle><presForm><PresFormCd value="005" Sync="TRUE"></PresFormCd></presForm></idCitation><spatRpType><SpatRepTypCd value="001" Sync="TRUE"></SpatRepTypCd></spatRpType><dataExt><geoEle><GeoBndBox esriExtentType="search"><exTypeCode Sync="TRUE">1</exTypeCode><westBL Sync="TRUE">103.630660</westBL><eastBL Sync="TRUE">103.971366</eastBL><northBL Sync="TRUE">1.429745</northBL><southBL Sync="TRUE">1.265590</southBL></GeoBndBox><GeoBndBox esriExtentType="native"><westBL Sync="TRUE">5447.071848</westBL><eastBL Sync="TRUE">43362.665995</eastBL><northBL Sync="TRUE">45719.495232</northBL><southBL Sync="TRUE">27568.907023</southBL><exTypeCode Sync="TRUE">1</exTypeCode></GeoBndBox></geoEle></dataExt><geoBox esriExtentType="decdegrees"><westBL Sync="TRUE">103.63066</westBL><eastBL Sync="TRUE">103.971366</eastBL><northBL Sync="TRUE">1.429745</northBL><southBL Sync="TRUE">1.26559</southBL><exTypeCode Sync="TRUE">1</exTypeCode></geoBox></dataIdInfo><mdLang><languageCode value="eng" Sync="TRUE"></languageCode><countryCode value="SGP" Sync="TRUE"></countryCode></mdLang><mdHrLv><ScopeCd value="005" Sync="TRUE"></ScopeCd></mdHrLv><mdHrLvName Sync="TRUE">dataset</mdHrLvName><refSysInfo><RefSystem><refSysID><identCode code="3414" Sync="TRUE">iTransportSVY21</identCode><idCodeSpace Sync="TRUE">EPSG</idCodeSpace><idVersion Sync="TRUE">8.2.6</idVersion></refSysID></RefSystem></refSysInfo><spatRepInfo><VectSpatRep><geometObjs Name="GISDBO_GIS_EA_FELS_ATTR"><geoObjTyp><GeoObjTypCd value="004" Sync="TRUE"></GeoObjTypCd></geoObjTyp><geoObjCnt Sync="TRUE">0</geoObjCnt></geometObjs><topLvl><TopoLevCd value="001" Sync="TRUE"></TopoLevCd></topLvl></VectSpatRep></spatRepInfo><spdoinfo><direct Sync="TRUE">Vector</direct><ptvctinf><esriterm Name="GISDBO_GIS_EA_FELS_ATTR"><efeatyp Sync="TRUE">Simple</efeatyp><efeageom code="1" Sync="TRUE"></efeageom><esritopo Sync="TRUE">FALSE</esritopo><efeacnt Sync="TRUE">0</efeacnt><spindex Sync="TRUE">FALSE</spindex><linrefer Sync="TRUE">FALSE</linrefer></esriterm></ptvctinf></spdoinfo><eainfo><detailed Name="GISDBO_GIS_EA_FELS_ATTR"><enttyp><enttypl Sync="TRUE">GISDBO_GIS_EA_FELS_ATTR</enttypl><enttypt Sync="TRUE">Feature Class</enttypt><enttypc Sync="TRUE">0</enttypc></enttyp><attr><attrlabl Sync="TRUE">FID</attrlabl><attalias Sync="TRUE">FID</attalias><attrtype Sync="TRUE">OID</attrtype><attwidth Sync="TRUE">4</attwidth><atprecis Sync="TRUE">0</atprecis><attscale Sync="TRUE">0</attscale><attrdef Sync="TRUE">Internal feature number.</attrdef><attrdefs Sync="TRUE">Esri</attrdefs><attrdomv><udom Sync="TRUE">Sequential unique whole numbers that are automatically generated.</udom></attrdomv></attr><attr><attrlabl Sync="TRUE">EQT_ID</attrlabl><attalias Sync="TRUE">EQT_ID</attalias><attrtype Sync="TRUE">String</attrtype><attwidth Sync="TRUE">20</attwidth><atprecis Sync="TRUE">0</atprecis><attscale Sync="TRUE">0</attscale></attr><attr><attrlabl Sync="TRUE">NAME</attrlabl><attalias Sync="TRUE">NAME</attalias><attrtype Sync="TRUE">String</attrtype><attwidth Sync="TRUE">20</attwidth><atprecis Sync="TRUE">0</atprecis><attscale Sync="TRUE">0</attscale></attr><attr><attrlabl Sync="TRUE">STATUS</attrlabl><attalias Sync="TRUE">STATUS</attalias><attrtype Sync="TRUE">String</attrtype><attwidth Sync="TRUE">1</attwidth><atprecis Sync="TRUE">0</atprecis><attscale Sync="TRUE">0</attscale></attr><attr><attrlabl Sync="TRUE">EQT_TYPE</attrlabl><attalias Sync="TRUE">EQT_TYPE</attalias><attrtype Sync="TRUE">String</attrtype><attwidth Sync="TRUE">5</attwidth><atprecis Sync="TRUE">0</atprecis><attscale Sync="TRUE">0</attscale></attr><attr><attrlabl Sync="TRUE">ZONE_ID</attrlabl><attalias Sync="TRUE">ZONE_ID</attalias><attrtype Sync="TRUE">SmallInteger</attrtype><attwidth Sync="TRUE">5</attwidth><atprecis Sync="TRUE">5</atprecis><attscale Sync="TRUE">0</attscale></attr><attr><attrlabl Sync="TRUE">LAST_UPD_D</attrlabl><attalias Sync="TRUE">LAST_UPD_D</attalias><attrtype Sync="TRUE">Date</attrtype><attwidth Sync="TRUE">8</attwidth><atprecis Sync="TRUE">0</atprecis><attscale Sync="TRUE">0</attscale></attr><attr><attrlabl Sync="TRUE">ALARM</attrlabl><attalias Sync="TRUE">ALARM</attalias><attrtype Sync="TRUE">SmallInteger</attrtype><attwidth Sync="TRUE">5</attwidth><atprecis Sync="TRUE">5</atprecis><attscale Sync="TRUE">0</attscale></attr><attr><attrlabl Sync="TRUE">EAC_CODE</attrlabl><attalias Sync="TRUE">EAC_CODE</attalias><attrtype Sync="TRUE">SmallInteger</attrtype><attwidth Sync="TRUE">5</attwidth><atprecis Sync="TRUE">5</atprecis><attscale Sync="TRUE">0</attscale></attr><attr><attrlabl Sync="TRUE">DIR</attrlabl><attalias Sync="TRUE">DIR</attalias><attrtype Sync="TRUE">SmallInteger</attrtype><attwidth Sync="TRUE">5</attwidth><atprecis Sync="TRUE">5</atprecis><attscale Sync="TRUE">0</attscale></attr><attr><attrlabl Sync="TRUE">DST_KM</attrlabl><attalias Sync="TRUE">DST_KM</attalias><attrtype Sync="TRUE">Double</attrtype><attwidth Sync="TRUE">19</attwidth><atprecis Sync="TRUE">0</atprecis><attscale Sync="TRUE">0</attscale></attr><attr><attrlabl Sync="TRUE">X</attrlabl><attalias Sync="TRUE">X</attalias><attrtype Sync="TRUE">Double</attrtype><attwidth Sync="TRUE">19</attwidth><atprecis Sync="TRUE">0</atprecis><attscale Sync="TRUE">0</attscale></attr><attr><attrlabl Sync="TRUE">Y</attrlabl><attalias Sync="TRUE">Y</attalias><attrtype Sync="TRUE">Double</attrtype><attwidth Sync="TRUE">19</attwidth><atprecis Sync="TRUE">0</atprecis><attscale Sync="TRUE">0</attscale></attr><attr><attrlabl Sync="TRUE">LOC_DESC</attrlabl><attalias Sync="TRUE">LOC_DESC</attalias><attrtype Sync="TRUE">String</attrtype><attwidth Sync="TRUE">100</attwidth><atprecis Sync="TRUE">0</atprecis><attscale Sync="TRUE">0</attscale></attr><attr><attrlabl Sync="TRUE">SHAPE</attrlabl><attalias Sync="TRUE">Shape</attalias><attrtype Sync="TRUE">Geometry</attrtype><attwidth Sync="TRUE">0</attwidth><atprecis Sync="TRUE">0</atprecis><attscale Sync="TRUE">0</attscale><attrdef Sync="TRUE">Feature geometry.</attrdef><attrdefs Sync="TRUE">ESRI</attrdefs><attrdomv><udom Sync="TRUE">Coordinates defining the features.</udom></attrdomv></attr></detailed></eainfo><mdDateSt Sync="TRUE">20190506</mdDateSt><metainfo><langmeta Sync="TRUE">en</langmeta><metstdn Sync="TRUE">FGDC Content Standards for Digital Geospatial Metadata</metstdn><metstdv Sync="TRUE">FGDC-STD-001-1998</metstdv><mettc Sync="TRUE">local time</mettc><metd Sync="TRUE">20170814</metd></metainfo><mdStanName Sync="TRUE">ISO 19115 Geographic Information - Metadata</mdStanName><mdStanVer Sync="TRUE">DIS_ESRI1.0</mdStanVer><mdChar><CharSetCd Sync="TRUE" value="004"></CharSetCd></mdChar><distinfo><resdesc Sync="TRUE">Downloadable Data</resdesc></distinfo><spref><horizsys><cordsysn><geogcsn Sync="TRUE">GCS_WGS_1984</geogcsn><projcsn Sync="TRUE">iTransportSVY21</projcsn></cordsysn><planar><planci><plance Sync="TRUE">coordinate pair</plance><plandu Sync="TRUE">meters</plandu><coordrep><absres Sync="TRUE">0.000032</absres><ordres Sync="TRUE">0.000032</ordres></coordrep></planci></planar><geodetic><horizdn Sync="TRUE">D_WGS_1984</horizdn><ellips Sync="TRUE">WGS_1984</ellips><semiaxis Sync="TRUE">6378137.000000</semiaxis><denflat Sync="TRUE">298.257224</denflat></geodetic></horizsys><vertdef><altsys><altenc Sync="TRUE">Explicit elevation coordinate included with horizontal coordinates</altenc><altres Sync="TRUE">1.000000</altres></altsys></vertdef></spref></metadata>
